reactions,data_type,kcat,MW,kcat_MW
rxn10208,UniKP,91.31232904,22605.4401,3373.217294
rxn00543_reverse_num1,UniKP,35.44859825,40144.7775,1589.434064
rxn01807_reverse,UniKP,34.98430889,36737.325,3428.216725
rxn01790_reverse,UniKP,34.98430889,36574.4253,3443.485741
rxn01641_reverse,UniKP,31.5247213,32482.2291,3493.879571
rxn00508,UniKP,31.5247213,49622.1121,2287.065018
rxn00907,UniKP,30.63009453,31443.1375,1753.456383
rxn08798,UniKP,29.49633807,41794.9076,2540.663999
rxn00216,UniKP,1492.0,34896.6157,153917.5043842432
rxn00566,UniKP,28.8724069,75194.6988,1382.287136
rxn05451_reverse,UniKP,27.80210681,32747.2721,3056.36403
rxn08820,UniKP,27.58069042,41794.9076,2375.659888
rxn00527_num4,UniKP,26.10088761,45284.97,1037.465581
rxn00011_num4,UniKP,24.83404004,49832.3596,1010.360585
rxn03762,UniKP,24.83404004,44754.3684,1997.627212
rxn07292_reverse,UniKP,24.83404004,42312.7614,1056.448944
rxn07312_reverse,UniKP,24.83404004,33586.0882,1330.946069
rxn00507,UniKP,24.75898489,49622.1121,1796.222326
rxn00527_num2,UniKP,24.66875406,44113.9488,2013.139087
rxn07842_reverse,UniKP,24.37856206,40155.666,2185.565131
rxn07579_reverse,UniKP,24.17567946,28969.9665,3004.230124
rxn09207,UniKP,24.17567946,29355.374,2964.787505
rxn00484,UniKP,24.17567946,98748.3047,220.3390891
rxn08817,UniKP,24.04906035,41794.9076,2071.463301
rxn01740,UniKP,23.77761964,31557.8567,1356.230106
rxn00730,UniKP,23.7728344,29027.9096,982.7576862
rxn00707,UniKP,23.20620886,22854.6691,3655.373505
rxn05388,UniKP,23.20620886,34208.4536,740.908115
rxn10204,UniKP,23.20620886,37422.9261,857.2728994
rxn07181,UniKP,22.07864467,32969.2773,2410.823873
rxn36841,UniKP,21.96849079,48670.2813,1624.945752
rxn02312,UniKP,21.59510156,46928.922,828.2990776
rxn06874_num1,UniKP,21.49701249,54984.869,703.7321937
rxn06759,UniKP,21.44195096,32291.772,2390.423896
rxn06805,UniKP,21.35845542,28903.8012,2660.218945
rxn06750,UniKP,21.32887669,32291.772,2377.817981
rxn00527_num8,UniKP,20.44531034,40341.4843,608.5632155
rxn03135,UniKP,19.98384444,26790.13,1448.336645
rxn00337_num1,UniKP,19.86394519,45450.4504,1573.366206
rxn09203,UniKP,19.86394519,26959.1633,2652.537911
rxn00611_reverse,UniKP,19.79533916,36309.6774,1962.650898
rxn02320_num1,UniKP,19.69362489,40262.753,1760.859462
rxn07261,UniKP,19.53016455,38865.4577,1809.0252
rxn07312,UniKP,19.21862809,33586.0882,1029.995823
rxn03908_reverse,UniKP,19.07102401,30473.5509,2252.959843
rxn03910_reverse,UniKP,19.07102401,41368.9265,1659.595553
rxn10205,UniKP,19.03049099,22605.4401,703.0154855
rxn09110,UniKP,19.03049099,19991.8961,3426.876932
rxn00493_num1,UniKP,19.03049099,40262.753,1701.566894
rxn09114_reverse,UniKP,19.03049099,19991.8961,3426.876932
rxn06936,UniKP,18.84575087,66456.746,510.44256
rxn01682_reverse_num1,UniKP,18.5009642,28837.7523,455.1546046
rxn09211,UniKP,18.5009642,29355.374,2268.868083
rxn05239,UniKP,18.43753362,28261.758,2348.584296
rxn06804,UniKP,18.06585817,28903.8012,2250.122361
rxn07100,UniKP,17.87605961,38865.4577,1655.810028
rxn10231,UniKP,17.79262322,29355.374,2182.000597
rxn07292,UniKP,17.25358374,42312.7614,733.9736218
rxn06735_reverse,UniKP,17.00887036,32291.772,1896.208524
rxn06728_reverse,UniKP,17.00887036,32291.772,1896.208524
rxn09108,UniKP,17.00887036,19991.8961,3062.837712
rxn09210,UniKP,16.99766234,29355.374,2084.510469
rxn02476,UniKP,16.99766234,47787.9041,1280.482699
rxn09209,UniKP,16.99766234,29355.374,2084.510469
rxn03638,UniKP,16.89924596,49102.3736,412.9962293
rxn03884_reverse,UniKP,16.89924596,21505.1301,942.988722
rxn10261,UniKP,16.51567699,19991.8961,2974.026919
rxn03903_reverse,UniKP,16.35729028,38865.4577,1515.13062
rxn03904_reverse,UniKP,16.35729028,38865.4577,1515.13062
rxn09112,UniKP,16.16350864,19991.8961,2910.61092
rxn03084,UniKP,15.91781178,23951.3286,520.1795371
rxn04872,UniKP,15.7319333,32969.2773,1717.810171
rxn05324,UniKP,15.6691672,28969.9665,1947.154544
rxn05325,UniKP,15.6691672,28969.9665,1947.154544
rxn05328,UniKP,15.58352257,28969.9665,1936.511775
rxn00493_num4,UniKP,15.30878726,40262.753,1368.79945
rxn05229,UniKP,15.20746701,18899.4384,556.2027123
rxn06759_reverse,UniKP,15.10575169,32291.772,1684.04218
rxn06804_reverse,UniKP,15.10575169,28903.8012,1881.437868
rxn06750_reverse,UniKP,15.10575169,32291.772,1684.04218
rxn10224,UniKP,15.01076705,22120.2321,2442.956345
rxn05375,UniKP,15.00710149,34208.4536,479.1339829
rxn00159,UniKP,14.53452304,61864.2521,845.7918937
rxn00285,UniKP,14.50784481,30189.2893,361.6405056
rxn05453_reverse,UniKP,14.49623158,32747.2721,1593.61163
rxn05454_reverse,UniKP,14.49623158,32747.2721,1593.61163
rxn08844,UniKP,14.49623158,41794.9076,1248.631392
rxn05448,UniKP,14.41023567,28969.9665,1790.711371
rxn10206,UniKP,14.39471848,22605.4401,531.7629485
rxn01530_num1,UniKP,14.39471848,36122.01,1434.609717
rxn02200,UniKP,14.38337837,40155.666,1289.485826
rxn02186_reverse,UniKP,14.31375646,36574.4253,1408.894954
rxn00493_num3,UniKP,14.25360557,40262.753,424.2645327
rxn12637_num1,UniKP,14.18213793,29848.9962,1710.466115
rxn04792,UniKP,14.07461172,39582.1422,1280.087417
rxn06060_num1,UniKP,14.03528861,39392.6706,1282.650763
rxn09109,UniKP,13.80249193,19991.8961,2485.455642
rxn07261_reverse,UniKP,13.80249193,38865.4577,1278.486705
rxn07100_reverse,UniKP,13.80249193,38865.4577,1278.486705
rxn07181_reverse,UniKP,13.80249193,32969.2773,1507.129517
rxn21734,UniKP,13.78435283,35066.9096,1415.113871
rxn00293,UniKP,13.66915416,49102.3736,334.0568652
rxn01641,UniKP,13.66915416,32482.2291,1514.950062
rxn00599,UniKP,13.63531948,44228.057,554.9322472
rxn11808_reverse,UniKP,13.61530827,32969.2773,1486.690452
rxn05957,UniKP,13.35377463,44181.1951,272.0251713
rxn06805_reverse,UniKP,13.10278184,28903.8012,1631.965785
rxn05363,UniKP,12.99115819,44339.7899,414.7706583
rxn00678_reverse,UniKP,12.96773534,34649.9222,112.2750169
rxn06570_reverse,UniKP,12.95907799,28903.8012,1614.067314
rxn03185,UniKP,12.9580968,32291.772,1444.61408
rxn10237,UniKP,12.9382699,26959.1633,1727.715772
rxn10263,UniKP,12.78654315,19991.8961,2302.510733
rxn02185_reverse_num1,UniKP,12.75535526,18470.0746,550.9171277
rxn00866,UniKP,12.75535526,98748.3047,116.2533349
rxn07673_reverse,UniKP,12.75535526,49102.3736,311.7247739
rxn02297_num1,UniKP,12.73603188,43703.7864,524.5508287
rxn00211,UniKP,12.73467836,47349.7978,968.2162168
rxn05405_num1,UniKP,12.57584877,25694.4805,440.4939766
rxn10226,UniKP,12.57185222,29355.374,1541.750686
rxn01639,UniKP,12.48015696,56449.6157,795.9055967
rxn07978_reverse,UniKP,12.48015696,17270.3157,2601.490664
rxn00313,UniKP,12.48015696,45248.38,496.4660068
rxn10202,UniKP,12.48015696,22605.4401,461.0361136
rxn00903,UniKP,12.37135521,40494.7051,1099.819808
rxn03842,UniKP,12.29978852,35748.8391,1238.620324
rxn06517_reverse,UniKP,11.9822608,75194.6988,573.6593079
rxn12645_num1,UniKP,11.89553059,29848.9962,1434.685101
rxn10261_reverse,UniKP,11.89553059,19991.8961,2142.063459
rxn05882,UniKP,11.89454554,60924.8361,175.7098037
rxn06075_num1,UniKP,11.89454554,40340.5691,1061.471489
rxn07720_reverse,UniKP,11.8674541,49102.3736,290.0255909
rxn03080_reverse,UniKP,11.8546959,14860.9889,2871.740605
rxn04810,UniKP,11.78987596,32969.2773,1287.366813
rxn05349,UniKP,11.74801135,34208.4536,618.1635881
rxn05348,UniKP,11.74801135,44339.7899,375.0805223
rxn06297_reverse,UniKP,11.69588028,32291.772,1303.897755
rxn06098_reverse_num1,UniKP,11.69588028,43703.7864,481.7107679
rxn05347,UniKP,11.53053364,44339.7899,368.1370789
rxn02988,UniKP,11.49513249,36252.4081,1141.50974
rxn03462,UniKP,11.46485377,114487.7733,360.5055142
rxn02687,UniKP,11.43457455,37127.2144,554.3705477
rxn05371,UniKP,11.39800959,44339.7899,363.9059636
rxn02342_reverse,UniKP,11.33832461,38653.4201,461.2941056
rxn01241,UniKP,11.33832461,49745.3885,410.2688695
rxn29962,UniKP,11.33420025,38700.1519,1054.340071
rxn05034,UniKP,11.26965655,35066.9096,1156.952923
rxn05029,UniKP,11.26965655,21033.8158,1928.835165
rxn16806,UniKP,11.18079126,13719.4375,2933.855599
rxn06515_reverse,UniKP,11.1794825,28903.8012,1392.416752
rxn08839,UniKP,11.17265696,41794.9076,962.3556399
rxn03120,UniKP,11.11759512,42842.1741,467.1021402
rxn05408_reverse,UniKP,11.09728488,32747.2721,1219.955831
rxn05458_reverse,UniKP,11.03470102,32747.2721,1213.075811
rxn05457_reverse,UniKP,11.03470102,32747.2721,1213.075811
rxn08847,UniKP,11.03470102,41794.9076,950.4728193
rxn05287,UniKP,10.94973293,32291.772,1220.714631
rxn03445_reverse,UniKP,10.92207143,41924.4962,937.8635572
rxn03408,UniKP,10.92207143,42379.2013,927.8008063
rxn00912_reverse_num1,UniKP,10.92010719,29231.1156,134.4881476
rxn00305,UniKP,10.92010719,45362.3748,866.629802
rxn08848,UniKP,10.88476142,41794.9076,937.5577879
rxn05459_reverse,UniKP,10.88476142,32747.2721,1196.592528
rxn08850,UniKP,10.80843707,41794.9076,930.983598
rxn06060_reverse_num1,UniKP,10.80843707,39392.6706,987.7566781
rxn05937_reverse,UniKP,10.80843707,31188.1544,1247.601027
rxn03839,UniKP,10.8039969,31723.7283,1226.034609
rxn09115,UniKP,10.78908203,23935.3345,811.3672969
rxn03282_num1,UniKP,10.78908203,36122.01,1075.263954
rxn04744,UniKP,10.78908203,37127.2144,523.0758075
rxn00861,UniKP,10.78908203,44228.057,439.0956549
rxn09206,UniKP,10.74397391,29355.374,1317.588599
rxn12510,UniKP,10.69970808,29706.829,648.3180867
rxn00678,UniKP,10.54229873,34649.9222,91.27551862
rxn01210,UniKP,10.54229873,48082.2129,789.3204813
rxn05405_reverse_num1,UniKP,10.52514568,25694.4805,368.6640449
rxn06300,UniKP,10.38976327,97113.6445,385.1482248
rxn08849,UniKP,10.34393355,41794.9076,890.9736359
rxn05872_reverse_num1,UniKP,10.34393355,36122.01,1030.899465
rxn05814_reverse,UniKP,10.34393355,24759.8771,1503.971956
rxn09198,UniKP,10.29174234,26959.1633,1374.310916
rxn05350,UniKP,10.26813235,34208.4536,327.8322034
rxn01653,UniKP,10.25251788,24041.2053,1535.241844
rxn00048,UniKP,10.24278137,21839.5385,1688.406233
rxn00743,UniKP,10.22241183,63010.6888,584.038729
rxn09345_reverse,UniKP,10.22241183,27714.5749,663.922913
rxn00532,UniKP,10.22241183,37127.2144,495.6025276
LIPOS_reverse,UniKP,10.15689396,35661.4601,1025.331497
rxn12641_num1,UniKP,10.15689396,29848.9962,1224.99323
rxn12640_num1,UniKP,10.15689396,29848.9962,1224.99323
rxn05379,UniKP,10.11076775,44339.7899,322.8080002
rxn07992,UniKP,10.09230493,25694.4805,353.5029416
rxn05335_reverse,UniKP,10.040583,17270.3157,2092.961092
rxn03435_reverse,UniKP,10.01028282,36574.4253,985.3064775
rxn00544,UniKP,9.99269218,60924.8361,147.6150539
rxn10199_num1,UniKP,9.99269218,75291.4901,477.7922684
rxn05346,UniKP,9.922662445,44339.7899,316.8023339
rxn05384,UniKP,9.914673881,34208.4536,316.5472818
rxn05383,UniKP,9.914673881,32747.2721,1089.948068
rxn05368_num1,UniKP,9.875323919,25694.4805,345.9027524
rxn05005_num1,UniKP,9.843843454,51583.9245,686.9938024
rxn04996,UniKP,9.843843454,36503.7903,970.7988169
rxn05127,UniKP,9.822380932,37127.2144,476.2082468
rxn05126,UniKP,9.822380932,37127.2144,476.2082468
rxn07997,UniKP,9.790984298,44339.7899,794.9415987
rxn09200,UniKP,9.780142663,26959.1633,1305.994299
rxn08845,UniKP,9.772427275,41794.9076,841.7470025
rxn05455_reverse,UniKP,9.772427275,32747.2721,1074.310498
rxn05456_reverse,UniKP,9.753669026,32747.2721,1072.248351
rxn08846,UniKP,9.753669026,41794.9076,840.1312626
rxn10229,UniKP,9.74335062,29355.374,1194.877035
rxn01603,UniKP,9.74335062,48082.2129,729.5018286
rxn01466,UniKP,9.713292876,32291.772,1082.871957
rxn03080,UniKP,9.691238694,14860.9889,2347.653951
rxn01499,UniKP,9.687841405,98748.3047,88.29576661
rxn01518,UniKP,9.687841405,22094.2503,394.630148
rxn05344,UniKP,9.616228077,44339.7899,307.0187578
rxn07989,UniKP,9.599196375,25694.4805,336.2308391
rxn00014,UniKP,9.576847565,53252.7195,647.4157856
rxn00693_reverse_num1,UniKP,9.576847565,97254.0732,354.5008461
rxn05360_num1,UniKP,9.573505411,25694.4805,335.3309622
rxn02819_num1,UniKP,9.544906283,29231.1156,117.5516634
rxn00853,UniKP,9.533120424,31723.7283,1081.815895
rxn02181_reverse,UniKP,9.533120424,65391.1833,524.8296757
rxn00806,UniKP,9.533120424,40494.7051,847.4992827
rxn00351,UniKP,9.436707311,34927.6294,972.6439184
rxn06444,UniKP,9.436707311,85111.3116,135.4034437
rxn04873,UniKP,9.434702324,32969.2773,1030.19936
rxn00527_num7,UniKP,9.408627202,40262.753,841.2504214
rxn00785,UniKP,9.373161632,72109.3237,467.9475572
rxn01102,UniKP,9.320286073,39727.3283,844.5830943
rxn01066,UniKP,9.320286073,38452.2126,436.2951778
rxn02320_reverse_num1,UniKP,9.320286073,40262.753,833.3516057
rxn00612_reverse,UniKP,9.308561969,36309.6774,922.9171254
rxn22120,UniKP,9.308372,28903.8012,1159.367897
rxn08843,UniKP,9.266949942,41794.9076,798.2077652
rxn05452_reverse,UniKP,9.266949942,32747.2721,1018.741949
rxn02342,UniKP,9.191535474,38653.4201,373.9530557
rxn05367,UniKP,9.185437102,34208.4536,293.2648296
rxn07987,UniKP,9.169237689,25694.4805,321.1706857
rxn00122,UniKP,9.146550984,34272.8783,960.7475408
rxn07885,UniKP,9.144749049,37127.2144,443.3553272
rxn10262,UniKP,9.102256276,19991.8961,1639.070273
rxn12636_reverse_num1,UniKP,9.102256276,29848.9962,1097.796468
rxn06735,UniKP,9.088041732,32291.772,1013.166767
rxn05392,UniKP,9.041655857,34208.4536,288.6743043
rxn05012,UniKP,9.026071969,72109.3237,450.6193849
rxn05006_num1,UniKP,9.026071969,51583.9245,629.9221977
rxn05071,UniKP,9.026071969,81669.6129,208.5907618
rxn05343,UniKP,9.026071969,44339.7899,288.1767551
rxn04896,UniKP,9.026071969,32969.2773,985.5799626
rxn04954,UniKP,9.026071969,33440.8223,971.6824185
rxn04919,UniKP,9.026071969,32969.2773,985.5799626
rxn06297,UniKP,9.026071969,32291.772,1006.25816
rxn06386,UniKP,9.026071969,37899.4171,857.3709459
rxn06432,UniKP,9.026071969,63285.2681,513.4506033
rxn05345,UniKP,9.026071969,34208.4536,288.1767551
rxn05327,UniKP,9.026071969,28969.9665,1121.639512
rxn05326,UniKP,9.026071969,28969.9665,1121.639512
rxn05323,UniKP,9.026071969,28969.9665,1121.639512
rxn05322,UniKP,9.026071969,28969.9665,1121.639512
rxn05233_num1,UniKP,9.026071969,40340.5691,805.488366
rxn04916,UniKP,9.026071969,32969.2773,985.5799626
rxn02639_reverse,UniKP,9.018332638,21385.8988,1518.103017
rxn01644_num1,UniKP,9.018332638,30999.0476,261.8306046
rxn02504_reverse,UniKP,8.861189452,16264.2862,1961.369939
rxn06937_num1,UniKP,8.854150025,53892.3276,591.4559921
rxn00633,UniKP,8.851989913,47189.0418,168.8271391
rxn01029,UniKP,8.800993822,35748.8391,886.2827034
rxn02693,UniKP,8.799957188,35066.9096,903.4113994
rxn08306,UniKP,8.740951202,22120.2321,1422.563027
rxn03031_reverse,UniKP,8.729336264,29027.9096,360.8666163
rxn03408_reverse,UniKP,8.729336264,42379.2013,741.5338087
rxn12639_num1,UniKP,8.723006181,29848.9962,1052.056225
rxn06435,UniKP,8.69747658,58522.9982,535.0189951
rxn10207,UniKP,8.629744474,22605.4401,318.7959787
rxn01476,UniKP,8.534753413,25530.8671,1203.449619
rxn10203,UniKP,8.534753413,37422.9261,315.2868634
rxn07979_reverse,UniKP,8.534753413,17270.3157,1779.070679
rxn00148_reverse,UniKP,3204.0,51444.5492,224210.34257988987
rxn02283,UniKP,8.511605464,32482.2291,943.3398051
rxn00423,UniKP,8.511605464,28211.8097,1086.133077
rxn01143,UniKP,8.511605464,22094.2503,346.7166712
rxn00251_reverse,UniKP,8.511605464,98748.3047,77.57545753
rxn02185_num1,UniKP,8.511605464,18470.0746,367.6251378
rxn08546,UniKP,8.507653951,22605.4401,314.2857678
rxn08521,UniKP,8.507653951,31443.1375,487.0308223
rxn07230,UniKP,8.480452466,29835.5147,1023.264696
rxn05442,UniKP,8.466299991,28969.9665,1052.078537
rxn03108,UniKP,8.414355398,29637.523,1022.0719
rxn08797,UniKP,8.414355398,41794.9076,724.7696232
rxn12154_reverse,UniKP,8.412773661,32969.2773,918.6123463
rxn08551,UniKP,8.354164199,37422.9261,308.6156213
rxn00781,UniKP,8.32436468,36101.6886,207.5229304
rxn03063,UniKP,8.318600883,33586.0882,445.8239227
rxn00791,UniKP,8.235543057,36136.6579,410.2199363
rxn10264,UniKP,8.235543057,19991.8961,1482.998654
rxn01575,UniKP,8.217997894,40494.7051,730.584217
rxn06438,UniKP,8.199887135,75001.9159,136.6029483
rxn03445,UniKP,8.130467452,41924.4962,698.1522852
rxn02303,UniKP,8.107139005,32645.3654,447.0113914
rxn02418_num1,UniKP,8.082052482,32079.3795,906.9810386
rxn03137_reverse,UniKP,8.082052482,56449.6157,515.4222677
rxn02409,UniKP,8.082052482,114487.7733,254.1353378
rxn08352,UniKP,8.07804989,36503.7903,796.6564394
rxn08386,UniKP,8.07804989,28969.9665,1003.832007
rxn03446,UniKP,8.043610523,50403.6898,574.5015494
rxn01637,UniKP,7.947285276,42859.9286,333.7642867
rxn05023_num1,UniKP,7.942685237,19240.7482,1486.09953
rxn08394,UniKP,7.815088189,28969.9665,971.1546432
rxn08393,UniKP,7.815088189,28969.9665,971.1546432
rxn10260,UniKP,7.681426717,19991.8961,1383.217282
rxn12638_num1,UniKP,7.678022662,29848.9962,926.0238233
rxn06078,UniKP,7.637775443,44181.1951,155.5865088
rxn08822,UniKP,7.630076139,41794.9076,657.2158112
CYOR_Q10,UniKP,7.563710493,21238.7017,1282.063196
rxn06728,UniKP,7.561741298,32291.772,843.0094414
rxn04674,UniKP,7.561741298,27406.1064,993.2920889
rxn03422,UniKP,7.561741298,50575.0862,538.2545186
rxn06441,UniKP,7.561741298,95426.6388,285.2690718
rxn00604,UniKP,8000.0,53858.7285,534732.2672127323
rxn02305_num1,UniKP,7.500125376,25613.5957,1054.145293
SacC,UniKP,7.489083585,46099.7864,584.833532
rxn02961,UniKP,7.455329663,24672.472,1087.81912
rxn14138_reverse,UniKP,7.451807863,21385.8988,1254.401723
rxn11755_num1,UniKP,7.451807863,33426.8232,802.5443563
rxn06023,UniKP,7.450722389,14638.8201,1832.292522
rxn05937,UniKP,7.450722389,31188.1544,860.0252601
rxn05872_num1,UniKP,7.450722389,36122.01,742.5555942
rxn08840,UniKP,7.401873682,41794.9076,637.5596164
rxn02475_num1,UniKP,7.391862382,35145.1102,757.1666279
rxn02011,UniKP,7.383230802,51755.772,513.5587754
rxn09202,UniKP,7.383230802,26959.1633,985.9219513
rxn00527_num6,UniKP,7.383230802,40262.753,660.1543339
rxn05408,UniKP,7.383230802,32747.2721,811.6593897
rxn00640_reverse,UniKP,7.383230802,52267.0764,508.5348697
rxn05349_reverse,UniKP,7.383230802,34208.4536,388.4950661
rxn00527_num5,UniKP,7.383230802,43682.1532,608.4780383
rxn02090_num1,UniKP,7.383230802,40881.0173,325.085243
rxn06437,UniKP,7.383230802,54109.7829,227.5488316
rxn01871,UniKP,7.379314181,46832.8769,23.63504445
rxn10228,UniKP,7.376339267,29355.374,904.5982981
rxn06434,UniKP,7.351751872,66456.746,199.1243051
rxn05425,UniKP,7.342244999,44339.7899,234.4169586
rxn05446,UniKP,7.333323797,28969.9665,911.2874075
rxn04894,UniKP,7.328513309,32969.2773,800.2191759
rxn02009,UniKP,7.291347224,24041.2053,1091.827538
rxn01486_num1,UniKP,7.291347224,32291.772,812.8649615
rxn05434,UniKP,7.269075226,28969.9665,903.3034544
rxn05433,UniKP,7.269075226,28969.9665,903.3034544
rxn03167,UniKP,7.244492017,63010.6888,413.9007486
rxn03164,UniKP,7.244492017,49304.7747,528.9583295
rxn02795_num1,UniKP,7.197440426,38084.7279,680.3458227
rxn02792,UniKP,7.197440426,59444.5277,435.881763
rxn12846_num1,UniKP,7.197440426,29848.9962,868.0622076
rxn02796_num1,UniKP,7.197440426,38084.7279,680.3458227
rxn05460,UniKP,7.18783429,34208.4536,229.4870647
rxn22110,UniKP,7.165728956,27406.1064,941.2728633
rxn05465,UniKP,2100.0,32747.2721,230858.92397125807
rxn03921_reverse,UniKP,7.137727546,37127.2144,346.0509976
rxn04704_num1,UniKP,7.137727546,51224.8104,501.6283899
rxn11759,UniKP,7.137727546,54737.5608,469.4366864
rxn02056_num1,UniKP,7.137727546,30948.0729,830.2881814
rxn01454,UniKP,7.126657333,41256.7707,621.8607507
rxn01100,UniKP,7.097220299,41387.1704,617.3409013
rxn01484,UniKP,7.097220299,41124.6074,621.2823585
rxn01069,UniKP,4080.0,50403.6898,291407.23741221026
rxn02230_num1,UniKP,7.092337074,32514.7032,785.2574667
rxn00929_reverse_num1,UniKP,7.015625124,29412.4881,858.6913954
rxn00505,UniKP,124.0,46347.6199,9631.562547616388
rxn39452,UniKP,7.00932883,26771.2121,942.5641131
rxn05417,UniKP,6.995051278,44339.7899,223.3320525
rxn12512,UniKP,6.98725149,45362.3748,554.5147377
rxn01331,UniKP,6.924961396,36101.6886,172.6363918
LIPOS,UniKP,6.921152575,35661.4601,698.6856175
rxn05116,UniKP,6.921152575,35452.2241,351.4046002
rxn05293,UniKP,6.921152575,39940.5227,623.8313268
rxn03114,UniKP,6.897980647,38950.8358,637.5403716
rxn02548,UniKP,6.850574341,47879.176,515.0896421
rxn36708_num1,UniKP,6.790857226,64714.9128,377.7658805
rxn06098_num1,UniKP,6.790857226,43703.7864,279.6907091
rxn02474,UniKP,6.768778093,35145.1102,693.342573
rxn05447,UniKP,6.768778093,28969.9665,841.1332176
rxn00927,UniKP,6.768778093,50846.8577,479.2351433
rxn02914,UniKP,6.768778093,41924.4962,581.2258547
rxn01642,UniKP,6.756720357,32116.4087,757.3758795
rxn03397,UniKP,6.750968497,27406.1064,886.7909302
rxn01520,UniKP,6.679255344,33586.0882,357.9654632
rxn05450,UniKP,6.65077075,28969.9665,826.4688432
rxn39451,UniKP,6.598848887,26771.2121,887.3657235
rxn00776_num1,UniKP,6.578777673,32587.0504,270.9444291
rxn00690,UniKP,6.578777673,59285.4455,399.4842144
rxn00710,UniKP,6.578777673,25302.8524,936.0051289
rxn05034_reverse,UniKP,6.568986345,35066.9096,674.3779567
rxn01225_num1,UniKP,6.548617295,47476.7214,496.55961
rxn00790_num1,UniKP,6.548617295,54737.5608,430.6918671
rxn05409,UniKP,6.548617295,34208.4536,209.0786877
rxn00903_reverse,UniKP,6.548617295,40494.7051,582.1754277
rxn00414,UniKP,2660.0,40807.8371,234660.80734771412
rxn01858_num1,UniKP,6.548617295,37880.8299,622.3470374
rxn05455,UniKP,6.548617295,32747.2721,719.9079725
rxn05456,UniKP,6.548617295,32747.2721,719.9079725
rxn00256_num1,UniKP,6.548617295,47544.5133,495.8515847
rxn00202,UniKP,6.548617295,41256.7707,571.4218991
rxn01602,UniKP,6.548617295,16114.2011,1462.996652
rxn00192_num1,UniKP,6.548617295,43131.9348,273.2896446
rxn03052,UniKP,6.547742891,84927.9484,277.5514404
rxn29964,UniKP,6.547742891,59444.5277,396.5356496
rxn30018,UniKP,6.537805692,58573.8641,401.8191535
rxn00138,UniKP,6.473382787,61597.684,378.3288027
rxn00190,UniKP,6.473382787,61597.684,378.3288027
rxn01362_num1,UniKP,6.45308402,20779.9078,558.9799217
rxn00646,UniKP,6.449244727,52543.9231,220.9321235
rxn02465,UniKP,6.410255901,33836.3287,682.016109
rxn01964_num1,UniKP,6.409609029,28837.7523,157.6870822
rxn02286,UniKP,6.402403702,51022.5204,451.7349035
rxn02186,UniKP,6.355678775,36574.4253,625.5858678
rxn08796,UniKP,6.354065179,41794.9076,547.3067404
rxn01600,UniKP,6.311287917,58279.8519,389.8540535
rxn06076_num1,UniKP,6.229472519,40340.5691,555.9193033
rxn00199,UniKP,6.184938567,46347.6199,480.4082473
rxn00224,UniKP,6.182397304,37425.692,594.6885443
rxn08552,UniKP,6.164545493,22605.4401,227.7277525
rxn15166,UniKP,6.154639726,75194.6988,294.65778
rxn00640,UniKP,6.154639726,52267.0764,423.9131886
rxn10199_reverse_num1,UniKP,6.154639726,75291.4901,294.2789814
rxn12845_num1,UniKP,6.154639726,29848.9962,742.2930696
rxn10259_reverse,UniKP,6.154639726,19991.8961,1108.284222
rxn30633,UniKP,6.09414414,75194.6988,291.7615105
rxn04809,UniKP,6.09414414,32969.2773,665.4352385
rxn00279,UniKP,6.086858134,59369.9337,369.0873126
rxn12633_num1,UniKP,6.080009199,29848.9962,733.2921003
rxn06673,UniKP,6.012130336,31280.8371,330.1960009
rxn08309,UniKP,5.988740353,22120.2321,974.6491435
rxn08310,UniKP,5.988740353,22120.2321,974.6491435
rxn08550,UniKP,5.98167384,37422.9261,220.9721935
rxn00198,UniKP,5.966575245,46347.6199,463.4471183
rxn10209,UniKP,5.964377386,37422.9261,220.333236
rxn16573,UniKP,5.943026914,24497.861,873.3373453
rxn01268,UniKP,5.935844298,32050.4568,333.3655992
rxn00260_num5,UniKP,5.928145523,45284.97,235.6336317
rxn05404,UniKP,5.91743537,34208.4536,188.9268476
rxn00060,UniKP,5.912447255,33550.1818,634.4171321
rxn05006_reverse_num1,UniKP,5.855019392,51583.9245,408.6170259
rxn00549,UniKP,5.802656922,35303.7494,591.7095287
rxn00727,UniKP,5.796931222,22955.9468,153.4548233
rxn01834_reverse_num1,UniKP,5.796931222,15870.6512,1314.939894
rxn01843_reverse,UniKP,5.796931222,31723.7283,657.8341676
rxn08799,UniKP,5.767382199,41794.9076,496.7728632
rxn00851,UniKP,5.720657317,35214.165,584.8318806
rxn00650_num1,UniKP,5.720657317,29848.9962,689.9517224
rxn00859,UniKP,5.720657317,46338.1927,444.436115
rxn01300,UniKP,40.8,36737.325,3998.1136351108853
rxn02182_reverse,UniKP,5.720657317,51078.6542,403.1892904
rxn07672_reverse,UniKP,5.719131395,49102.3736,139.7683487
rxn09208,UniKP,5.719131395,29355.374,701.3664014
rxn01396,UniKP,5.712546184,36737.325,559.7894311
rxn01434,UniKP,5.712546184,45702.5338,112.4946723
rxn04727,UniKP,5.712546184,37127.2144,276.9554166
rxn00532_reverse,UniKP,5.647730979,37127.2144,273.8130486
rxn05444,UniKP,5.6420474,28969.9665,701.1181957
rxn02811_reverse_num1,UniKP,5.639114729,21336.0101,951.4812248
rxn00555_reverse,UniKP,5.639114729,65986.9815,153.8243799
rxn03147_num1,UniKP,5.630138782,29610.5662,684.5022644
rxn02159,UniKP,5.602544562,46338.1927,435.2599713
rxn02402,UniKP,5.602441856,34940.5818,577.2311062
rxn04726_num1,UniKP,5.591843943,40144.7775,250.7254922
rxn00902,UniKP,450.0,62510.8223,25915.512552776003
rxn00113_reverse,UniKP,5.591843943,59793.2408,84.16769992
rxn00256_num2,UniKP,5.586818738,62510.8223,160.8725235
rxn04919_reverse,UniKP,5.565481697,32969.2773,607.7092297
rxn05005_reverse_num1,UniKP,5.565080275,51583.9245,388.3824115
rxn00109_reverse,UniKP,5.556172658,59447.7889,336.4670401
rxn00231,UniKP,5.535080049,31723.7283,628.1193682
rxn00337_num2,UniKP,5.532897701,31709.2349,628.1586985
rxn07842,UniKP,5.524573826,40155.666,495.2841717
rxn10260_reverse,UniKP,5.494673187,19991.8961,989.4420907
rxn10259,UniKP,5.494673187,19991.8961,989.4420907
rxn03762_reverse,UniKP,5.438835592,44754.3684,437.4949045
rxn04954_reverse,UniKP,5.401688415,33440.8223,581.5071806
rxn36773,UniKP,5.39591612,48670.2813,399.1203156
rxn12008,UniKP,5.375505933,32291.772,599.280255
rxn06538,UniKP,5.3655383,32482.2291,594.6617094
rxn06570,UniKP,5.3655383,28903.8012,668.283654
rxn00011_num2,UniKP,5.352254693,18470.0746,231.1694753
rxn12643_num1,UniKP,5.352254693,29848.9962,645.5197611
rxn02015_num1,UniKP,5.351786886,38084.7279,505.8834303
rxn00917,UniKP,999.0,57836.5425,62182.1402965089
rxn08851,UniKP,5.295964859,41794.9076,456.1673799
rxn02474_reverse,UniKP,5.27828369,35145.1102,540.6675687
rxn03136_reverse,UniKP,5.241408725,48582.2519,388.3943348
rxn02339_num1,UniKP,5.241408725,43682.1532,431.962942
rxn06442,UniKP,5.226297105,59841.3566,314.4091419
rxn05400,UniKP,5.186980195,44339.7899,165.6054956
rxn01332,UniKP,5.180781269,48916.3328,381.279861
rxn09177,UniKP,5.174011411,45362.3748,410.6143288
rxn03185_reverse,UniKP,5.168185858,32291.772,576.1674859
rxn10227,UniKP,5.152306485,29355.374,631.8537568
rxn02285_reverse,UniKP,5.102385745,33904.4008,541.7759421
rxn02312_reverse,UniKP,5.102385745,46928.922,195.7064844
rxn07976_reverse,UniKP,5.102385745,17270.3157,1063.593104
rxn07876_reverse,UniKP,5.102385745,37127.2144,247.3736446
rxn00497,UniKP,5.102385745,98748.3047,46.50355451
rxn01302_reverse,UniKP,5.078500215,45534.6443,401.5096868
rxn02275,UniKP,5.007298365,31723.7283,568.2268472
rxn04903_reverse,UniKP,5.005056118,32969.2773,546.5149223
rxn01643,UniKP,330.0,37127.2144,31998.091405424697
rxn00780,UniKP,4.992916908,39727.3283,452.4467574
rxn04916_reverse,UniKP,4.984320919,32969.2773,544.2507927
rxn03004,UniKP,4.984300547,22899.9574,783.5596223
rxn12847_num1,UniKP,4.984048304,29848.9962,601.111467
rxn00783_reverse,UniKP,4.984048304,16264.2862,1103.188524
rxn05429,UniKP,4.984048304,44339.7899,159.1264586
rxn05396,UniKP,4.984048304,44339.7899,159.1264586
rxn00126,UniKP,4.984048304,42686.5451,105.0833105
rxn00655_reverse,UniKP,4.984048304,16114.2011,1113.463446
rxn00124_reverse,UniKP,4.96788695,36737.325,486.8180528
rxn00427,UniKP,4.925042688,54598.6818,324.7359293
rxn02938_num1,UniKP,4.910941155,39765.1444,222.2975476
rxn02405_num1,UniKP,4.910941155,29083.1678,607.8907318
rxn03282_reverse_num1,UniKP,4.910941155,36122.01,489.4353375
rxn00474_num2,UniKP,4.883458329,36346.256,60.46169509
rxn12636_num1,UniKP,4.872139295,29848.9962,587.6144492
rxn06280,UniKP,4.847319701,45013.9109,193.8328683
rxn04792_reverse,UniKP,4.847319701,39582.1422,440.8642371
rxn09113,UniKP,4.845581246,19991.8961,872.5581806
rxn07721,UniKP,4.826723773,49102.3736,117.9590334
rxn08044,UniKP,4.826723773,31816.3355,546.1410093
rxn03194_reverse_num1,UniKP,4.826428099,64880.5359,267.8020598
rxn06515,UniKP,4.815531458,28903.8012,599.7797012
rxn04895_reverse,UniKP,4.800925889,32969.2773,524.2254188
rxn09345,UniKP,4.787894864,27714.5749,310.9631227
rxn05231_num1,UniKP,4.779316662,40340.5691,426.5071209
rxn03958_reverse,UniKP,4.746544724,41857.6341,204.1152274
rxn07841,UniKP,4.723589696,40155.666,423.475056
rxn01973,UniKP,370.0,40019.0509,33284.14767577609
rxn02819_reverse_num1,UniKP,4.712867107,29231.1156,58.04199134
rxn00179_reverse,UniKP,4.695830854,42508.1139,397.6885711
rxn05439,UniKP,4.678303976,28969.9665,581.3570517
rxn01739,UniKP,4.670181512,19608.3523,857.4230607
rxn02373,UniKP,4.644707635,45808.7551,365.0164133
rxn05413,UniKP,4.62369553,34208.4536,147.6214215
rxn04896_reverse,UniKP,4.61362315,32969.2773,503.7733521
rxn00260_num3,UniKP,4.534800068,44113.9488,370.0707075
rxn03062_reverse,UniKP,4.533586791,37727.586,216.2994533
rxn03063_reverse,UniKP,4.533586791,33586.0882,242.9713212
rxn01000,UniKP,4.524443867,36222.8043,449.6614284
rxn00314_num2,UniKP,4.500260001,30094.5411,538.3347083
rxn02288,UniKP,4.496508538,38286.6239,211.3979908
rxn04744_reverse,UniKP,4.432137325,37127.2144,214.8786898
rxn07991,UniKP,4.430853992,25694.4805,155.1994247
rxn00412_num2,UniKP,4.380038297,45702.5338,86.2541776
rxn04137,UniKP,4.33992465,27581.202,566.4629388
rxn03904,UniKP,4.33992465,38865.4577,401.9952334
rxn03843,UniKP,4.33992465,27714.5749,281.8684536
rxn03903,UniKP,4.33992465,38865.4577,401.9952334
rxn04271,UniKP,4.33992465,37127.2144,210.4080389
rxn08823,UniKP,4.33992465,41794.9076,373.8189564
rxn05330_reverse,UniKP,4.33992465,17270.3157,904.6579698
rxn03909_num1,UniKP,4.33992465,70306.5329,111.1115006
rxn03901,UniKP,4.33992465,29095.264,536.9852887
rxn09205,UniKP,4.33992465,29355.374,532.2272079
rxn03849,UniKP,4.33992465,20423.3648,764.992884
rxn03893,UniKP,4.33992465,35066.9096,445.5405086
rxn03892,UniKP,4.33992465,32291.772,483.8300215
rxn03891,UniKP,4.33992465,32291.772,483.8300215
rxn03908,UniKP,4.33992465,30473.5509,512.6980046
rxn04070,UniKP,4.33992465,27970.8506,69.82147667
rxn03933,UniKP,4.33992465,42379.2013,368.6650116
rxn03951,UniKP,4.33992465,35452.2241,220.3490632
rxn04887_reverse,UniKP,4.330755111,32969.2773,472.886265
rxn01019,UniKP,4.319600538,34017.5911,457.1329548
rxn00881_num1,UniKP,4.319600538,29975.5665,518.7745805
rxn11809_reverse_num1,UniKP,4.319600538,40144.7775,193.6810079
rxn11749_reverse,UniKP,4.319600538,31443.1375,247.2806973
rxn04726_reverse_num1,UniKP,4.318468559,40144.7775,193.6302526
rxn00211_reverse,UniKP,4.318468559,47349.7978,328.332697
rxn00470_num2,UniKP,4.302197685,45248.38,171.1432726
rxn04886,UniKP,4.29286974,32969.2773,468.7494641
rxn05451,UniKP,4.288479046,32747.2721,471.4445991
rxn00102,UniKP,4.288479046,23323.9397,661.9175305
rxn04811,UniKP,4.288479046,32969.2773,468.2700329
rxn05452,UniKP,4.288479046,32747.2721,471.4445991
rxn02895,UniKP,4.260569351,44043.5736,348.2471654
rxn09201,UniKP,4.241183568,26959.1633,566.3477266
rxn01303_num1,UniKP,4.241183568,41184.1249,185.3658525
rxn00260_num1,UniKP,4.241183568,43682.1532,349.5308662
rxn00905_reverse,UniKP,4.241183568,56449.6157,270.4759042
rxn01157_reverse,UniKP,4.241183568,36222.8043,421.5096302
rxn01200_reverse,UniKP,4.241183568,72109.3237,211.7376792
rxn03052_reverse,UniKP,4.241183568,84927.9484,179.7789907
rxn03004_reverse,UniKP,4.241183568,22899.9574,666.7375218
rxn02914_reverse,UniKP,4.241183568,41924.4962,364.1847185
rxn02362,UniKP,4.241183568,41368.9265,369.0755874
rxn01216_reverse,UniKP,4.241183568,49902.8435,305.9597365
rxn01300_reverse,UniKP,4.241183568,36737.325,415.6062219
rxn00785_reverse,UniKP,4.241183568,72109.3237,211.7376792
rxn01334_reverse,UniKP,4.241183568,32790.9815,465.6237828
rxn01396_reverse,UniKP,4.241183568,36737.325,415.6062219
rxn01530_reverse_num1,UniKP,4.241183568,36122.01,422.6858042
rxn01575_reverse,UniKP,4.241183568,40494.7051,377.043389
rxn01602_reverse,UniKP,4.241183568,16114.2011,947.503432
rxn01637_reverse,UniKP,4.241183568,42859.9286,178.1181321
rxn02175,UniKP,4.241183568,20037.942,126.9945856
rxn02937_reverse,UniKP,4.241183568,38452.431,397.0688055
rxn00085_reverse,UniKP,41.9,167470.6603,900.6950813341961
rxn00474_num1,UniKP,4.241183568,44328.0143,104.3401959
rxn00816,UniKP,4.241183568,114487.7733,133.3614971
rxn03137,UniKP,4.238821397,56449.6157,270.3252598
rxn08001,UniKP,4.214494671,44339.7899,342.1798084
rxn07673,UniKP,4.214494671,49102.3736,102.9969273
rxn06448,UniKP,4.201005558,37605.4209,201.0829775
rxn04903,UniKP,4.201005558,32969.2773,458.7185782
rxn01851,UniKP,4.187011474,37127.2144,202.9945089
rxn00198_reverse,UniKP,4.172348284,46347.6199,324.082528
rxn04723_reverse,UniKP,4.172348284,37127.2144,202.2836088
rxn08002,UniKP,4.161067169,44339.7899,337.8419664
rxn07720,UniKP,4.161067169,49102.3736,101.6912266
rxn06099,UniKP,4.148824949,38452.2126,194.2120987
rxn00260_reverse_num1,UniKP,4.148824949,43682.1532,341.9192673
rxn04737_reverse,UniKP,4.148824949,37127.2144,201.1431514
rxn04727_reverse,UniKP,4.121102987,37127.2144,199.7991365
rxn00224_reverse,UniKP,4.121102987,37425.692,396.4113945
rxn05421,UniKP,4.06825787,44339.7899,129.8878799
rxn00792,UniKP,4.06825787,29752.9458,492.2446479
rxn00242,UniKP,4.054048131,81185.13,179.7690448
rxn07993,UniKP,4.029736143,25694.4805,141.1494787
rxn02056_reverse_num1,UniKP,3.989101485,30948.0729,464.027773
rxn02009_reverse,UniKP,3.989101485,24041.2053,597.3396577
rxn00726,UniKP,3.989101485,22955.9468,105.5984348
rxn01917_reverse,UniKP,3.989101485,31709.2349,452.8890524
rxn02476_reverse,UniKP,3.980480768,47787.9041,299.861043
rxn06443,UniKP,3.957516213,58597.4376,243.1344944
rxn03951_reverse,UniKP,3.952790673,35452.2241,200.6932821
rxn04723,UniKP,3.952790673,37127.2144,191.6390262
rxn10236,UniKP,3.938284404,26959.1633,525.8999953
rxn02159_reverse,UniKP,3.929575926,46338.1927,305.2875503
rxn01740_reverse,UniKP,3.904687294,31557.8567,222.7159213
rxn04658,UniKP,3.904687294,37127.2144,189.3068802
rxn00658,UniKP,3.904687294,41124.6074,341.8117557
rxn08103_num1,UniKP,3.790200161,36585.2212,93.23929261
rxn12646_num1,UniKP,3.779712293,29848.9962,455.8600284
rxn04830,UniKP,3.779712293,32969.2773,412.7164854
rxn00124,UniKP,3.746529698,36737.325,367.1336145
rxn07998,UniKP,3.745531215,44339.7899,304.1041106
rxn07670,UniKP,3.745531215,49102.3736,91.53605271
rxn02222,UniKP,3.711346015,31723.7283,421.1625295
rxn05438,UniKP,3.709681864,28969.9665,460.9896498
rxn04895,UniKP,3.699293484,32969.2773,403.9353493
rxn05457,UniKP,3.665508319,32747.2721,402.9596697
rxn05458,UniKP,3.665508319,32747.2721,402.9596697
rxn08168,UniKP,3.662962939,58279.8519,226.2645863
rxn00086_reverse,UniKP,3.631747852,48833.9596,267.7295139
rxn04271_reverse,UniKP,3.626646447,37127.2144,175.8269159
rxn27697,UniKP,3.601509514,44113.9488,293.9078139
rxn01636,UniKP,3.588844544,43131.9348,149.7711663
rxn02548_reverse,UniKP,3.588844544,47879.176,269.8425795
rxn03395_reverse,UniKP,3.573186937,28903.8012,445.0443346
rxn12844_num1,UniKP,3.563352212,29848.9962,429.7654728
rxn03114_reverse,UniKP,3.550965273,38950.8358,328.1951394
rxn02277,UniKP,3.550965273,53219.8316,120.1006711
rxn00213,UniKP,3.533087892,31704.2131,401.1806372
rxn09114,UniKP,3.498788548,19991.8961,630.0372266
rxn03366,UniKP,3.473292142,37127.2144,168.3919991
rxn02341,UniKP,3.446987835,45362.3748,136.7780706
rxn02687_reverse,UniKP,3.441953864,37127.2144,166.8726581
rxn01257_num1,UniKP,3.416416044,22648.8802,543.0333708
rxn06446,UniKP,3.409917433,47729.8706,128.5956007
rxn06439,UniKP,3.399353499,46813.4271,130.706865
rxn02230_reverse_num1,UniKP,3.398700619,32514.7032,376.3012122
rxn02229_reverse,UniKP,3.398700619,36263.0807,168.7021896
rxn12642_num1,UniKP,3.378597817,29848.9962,407.4827863
rxn13394,UniKP,3.378597817,60924.8361,49.90966295
rxn00505_reverse,UniKP,3.378597817,46347.6199,262.4288403
rxn45829,UniKP,3.378597817,32969.2773,368.9177663
rxn43624_reverse,UniKP,3.378597817,45491.8969,267.3652445
rxn00141_num1,UniKP,3.378597817,50846.8577,239.2075477
rxn12635_num1,UniKP,3.378597817,29848.9962,407.4827863
rxn00157_reverse_num2,UniKP,12.8,28380.4382,1623.653576990929
rxn02283_reverse,UniKP,3.375240279,32482.2291,374.0773137
rxn02264_reverse,UniKP,3.375240279,27127.109,447.9233303
rxn01018,UniKP,417.0,34649.9222,43324.772602231125
rxn00692,UniKP,3.375240279,45812.7689,132.6143922
rxn00693_num1,UniKP,3.375240279,97254.0732,124.9393944
rxn00700,UniKP,3.375240279,29083.1678,417.7971633
rxn14090,UniKP,3.368166522,35088.2609,345.5685511
rxn05440,UniKP,3.367276324,28969.9665,418.4400685
rxn03068_reverse,UniKP,3.35201273,36574.4253,329.9367175
rxn02229,UniKP,3.35201273,36263.0807,166.3847306
rxn09111,UniKP,3.347053626,19991.8961,602.7138693
rxn00346,UniKP,3.340548977,43423.7616,276.9446007
rxn10235,UniKP,3.333680191,26959.1633,445.1639895
rxn12510_reverse,UniKP,3.333680191,29706.829,201.9947785
rxn00470_num1,UniKP,3.333680191,43423.7616,276.3751514
rxn10234,UniKP,3.333680191,26959.1633,445.1639895
rxn00461,UniKP,3.333680191,44754.3684,268.1581512
rxn03618_reverse,UniKP,3.325072573,37127.2144,161.2060244
rxn10233,UniKP,3.325072573,26959.1633,444.0145686
rxn10232,UniKP,3.325072573,26959.1633,444.0145686
rxn29950,UniKP,3.325072573,38700.1519,309.3078625
rxn00735_reverse,UniKP,3.325072573,37727.586,158.6406994
rxn10210,UniKP,3.325072573,22605.4401,122.8332737
rxn03395,UniKP,3.325072573,28903.8012,414.1414196
rxn05453,UniKP,3.289896178,32747.2721,361.6675675
rxn05454,UniKP,3.289896178,32747.2721,361.6675675
rxn05441,UniKP,3.284572181,28969.9665,408.1627037
rxn00692_reverse,UniKP,3.242285173,45812.7689,127.3905387
rxn08801,UniKP,3.241652616,41794.9076,279.2194095
rxn02331,UniKP,3.182042951,31253.5603,366.5295894
rxn03409,UniKP,3.178017705,52171.3356,219.294055
rxn05331_reverse,UniKP,3.171704875,17270.3157,661.1423757
rxn11663,UniKP,3.171704875,35452.2241,161.0355604
rxn05435,UniKP,3.170312512,28969.9665,393.9640401
rxn00601,UniKP,3.154849509,37899.4171,299.6736916
rxn07875,UniKP,3.154849509,37127.2144,152.9532772
rxn00543_num1,UniKP,3.154849509,40144.7775,141.4562359
rxn08841,UniKP,3.154849509,41794.9076,271.7426329
rxn05368_reverse_num1,UniKP,3.154849509,25694.4805,110.504844
rxn01213,UniKP,3.143916867,32291.772,350.494879
rxn00912_num1,UniKP,3.14087147,29231.1156,38.68185343
rxn01275,UniKP,3.131053205,18812.1026,599.177656
rxn05459,UniKP,3.124345327,32747.2721,343.4680954
rxn05464,UniKP,3.124345327,28969.9665,388.2518531
rxn14138,UniKP,3.112658497,21385.8988,523.9700558
rxn07876,UniKP,3.09492059,37127.2144,150.047806
rxn00604_reverse,UniKP,3.09492059,53858.7285,206.869238
rxn08842,UniKP,3.09492059,41794.9076,266.5806617
rxn10223,UniKP,3.059608195,22120.2321,497.9418593
rxn01137_num1,UniKP,3.059608195,58348.0417,188.7739362
rxn01200,UniKP,410000.0,72109.3237,20468920.304129828
rxn06440,UniKP,3.050207365,106261.1865,103.3373227
rxn00137,UniKP,3.033214788,29835.5147,365.9924538
rxn02339_reverse_num1,UniKP,3.032265629,43682.1532,249.8996836
rxn01208,UniKP,3.032265629,37727.586,144.6707492
rxn00209,UniKP,3.025559389,22485.3052,242.2029344
rxn10225,UniKP,3.025559389,22120.2321,492.4005206
rxn05445,UniKP,3.01799302,28969.9665,375.0358107
rxn09199,UniKP,3.01799302,26959.1633,403.0086079
rxn09197,UniKP,3.01799302,26959.1633,403.0086079
rxn03120_reverse,UniKP,3.01799302,42842.1741,126.7999944
rxn08818,UniKP,3.01799302,41794.9076,259.9545135
rxn03915_reverse,UniKP,3.01799302,37127.2144,146.3182068
rxn03933_reverse,UniKP,3.01799302,42379.2013,256.3704491
rxn03618,UniKP,3.01799302,37127.2144,146.3182068
rxn03463,UniKP,3.01799302,32291.772,336.4564469
rxn03062,UniKP,3.01799302,37727.586,143.9897966
rxn05449,UniKP,3.01799302,28969.9665,375.0358107
rxn00208,UniKP,3.017178001,22485.3052,241.5319851
rxn00838,UniKP,999.0,46766.7761,76900.74663923647
rxn05443,UniKP,2.961115355,28969.9665,367.9678152
rxn00806_reverse,UniKP,2.958553624,40494.7051,263.0169307
rxn03463_reverse,UniKP,2.958553624,32291.772,329.8299346
rxn00802_reverse,UniKP,2.958553624,51078.6542,208.5174955
rxn01479,UniKP,2.958553624,24672.472,431.6873091
rxn00800_reverse,UniKP,2.958553624,48582.2519,219.2321811
rxn00786_reverse,UniKP,2.958553624,32790.9815,324.8086077
rxn07977_reverse,UniKP,2.958553624,17270.3157,616.7109642
rxn00686_reverse,UniKP,2.958553624,16114.2011,660.9569398
rxn00011_num1,UniKP,2.958553624,60924.8361,43.70464382
rxn00168,UniKP,2.958553624,60924.8361,43.70464382
rxn00157_reverse_num1,UniKP,2.958553624,86086.0654,61.86130704
rxn10476_num1,UniKP,2.958553624,37023.4586,287.6768797
rxn00154,UniKP,2.958553624,38653.4201,8.7843416
rxn11612,UniKP,2.958553624,114487.7733,93.02996067
rxn11749,UniKP,2.958553624,31443.1375,169.3659395
rxn14090_reverse,UniKP,2.958553624,35088.2609,303.5429165
rxn09113_reverse,UniKP,2.937585809,19991.8961,528.9797857
rxn09111_reverse,UniKP,2.937585809,19991.8961,528.9797857
rxn09110_reverse,UniKP,2.937585809,19991.8961,528.9797857
rxn08521_reverse,UniKP,2.937585809,31443.1375,168.1656119
rxn03035,UniKP,2.926976492,29835.5147,353.1735744
rxn08180,UniKP,2.924920413,36263.0807,145.1850378
rxn00412_num1,UniKP,2.878963699,59793.2408,43.33378312
rxn00771,UniKP,2.878963699,22094.2503,117.2733763
rxn02791_reverse,UniKP,2.878963699,59444.5277,174.3519499
rxn02835,UniKP,2.878963699,14150.2055,259.1109344
rxn00529,UniKP,2.878963699,98748.3047,26.23910696
rxn00405,UniKP,2.878963699,43423.7616,238.6773723
rxn00974_reverse,UniKP,2.878963699,81995.4223,126.4005846
rxn02090_reverse_num1,UniKP,2.878963699,40881.0173,126.761392
rxn00189,UniKP,2.878963699,54660.2172,189.6126625
rxn00394,UniKP,2.878963699,32116.4087,322.7094727
rxn07993_reverse,UniKP,2.855242614,25694.4805,100.0105199
rxn07987_reverse,UniKP,2.855242614,25694.4805,100.0105199
rxn07992_reverse,UniKP,2.855242614,25694.4805,100.0105199
rxn02201,UniKP,2.836831692,40155.666,254.3251079
rxn00863,UniKP,2.83681123,46338.1927,220.3909957
rxn00134,UniKP,2.83681123,22082.6008,462.469096
rxn04737,UniKP,2.833928599,37127.2144,137.3944036
rxn01917,UniKP,2.826784338,31709.2349,320.9293333
rxn02285,UniKP,2.826784338,33904.4008,300.1505225
rxn12634_num1,UniKP,2.826784338,29848.9962,340.930179
rxn05436,UniKP,2.806679415,28969.9665,348.7765819
rxn02155,UniKP,2.802156946,24672.472,408.8672187
rxn03384,UniKP,2.796581477,38286.6239,131.4779457
rxn10222,UniKP,2.786729691,22120.2321,453.531719
rxn00555,UniKP,2.786729691,65986.9815,76.01671315
rxn00721,UniKP,2.786729691,104392.003,96.10148862
SacB,UniKP,2.776709796,46761.4499,213.7691471
rxn08802,UniKP,2.752284355,41794.9076,237.0677254
rxn03419,UniKP,2.743769047,22813.0419,43.29790219
rxn00438,UniKP,2.740877389,34612.114,285.0781839
rxn01635,UniKP,2.740877389,35145.1102,280.7548061
rxn00420_num1,UniKP,2.740877389,32079.3795,307.5857062
rxn03435,UniKP,2.740877389,36574.4253,269.7830114
rxn05437,UniKP,2.740877389,28969.9665,340.5995861
rxn01100_reverse,UniKP,2.740877389,41387.1704,238.4110463
rxn08547,UniKP,2.740877389,37422.9261,101.2522088
rxn08548,UniKP,2.740877389,37422.9261,101.2522088
rxn08000,UniKP,2.740877389,44339.7899,222.5350779
rxn08549,UniKP,2.740877389,37422.9261,101.2522088
rxn01257_reverse_num1,UniKP,2.721878292,22648.8802,432.6378066
rxn03068,UniKP,2.688770378,36574.4253,264.6541479
rxn08819,UniKP,2.6502751,41794.9076,228.2811689
rxn01547,UniKP,2.64247258,14150.2055,336.1400401
rxn09112_reverse,UniKP,2.588472292,19991.8961,466.1138795
rxn12644_num1,UniKP,2.588472292,29848.9962,312.1880611
rxn07980_reverse,UniKP,2.588472292,17270.3157,539.5674527
rxn27697_reverse,UniKP,2.588472292,44113.9488,211.2370464
rxn07885_reverse,UniKP,2.588472292,37127.2144,125.4942015
rxn11944,UniKP,2.588472292,84927.9484,109.7224227
rxn01368_num1,UniKP,2.588472292,17168.1737,542.7776077
rxn10264_reverse,UniKP,2.588472292,19991.8961,466.1138795
rxn00921,UniKP,2.588472292,26959.1633,345.6524279
rxn07875_reverse,UniKP,2.588472292,37127.2144,125.4942015
rxn10262_reverse,UniKP,2.588472292,19991.8961,466.1138795
rxn00179,UniKP,2.588472292,42508.1139,219.2169775
rxn00187,UniKP,999.0,52171.3356,68934.40542856258
rxn22482,UniKP,2.588472292,28903.8012,322.3970503
rxn00194,UniKP,2.588472292,43423.7616,214.5944963
rxn07989_reverse,UniKP,2.588472292,25694.4805,90.66636169
rxn09109_reverse,UniKP,2.588472292,19991.8961,466.1138795
rxn09108_reverse,UniKP,2.588472292,19991.8961,466.1138795
rxn01465_num1,UniKP,2.588472292,43147.2478,215.9697484
rxn10230,UniKP,2.588472292,29355.374,317.4376266
rxn07991_reverse,UniKP,2.588472292,25694.4805,90.66636169
rxn03406,UniKP,2.56698054,52171.3356,177.1304077
rxn02962_reverse_num1,UniKP,2.564893135,51583.9245,179.001799
rxn00789_num1,UniKP,2.556968856,24535.3165,375.1770588
rxn02789_reverse_num1,UniKP,2.534247428,21336.0101,427.6006009
rxn01843,UniKP,2.534247428,31723.7283,287.5857041
rxn01807,UniKP,2.534247428,36737.325,248.3384607
rxn01800_num1,UniKP,2.534247428,17168.1737,531.4071781
rxn00770,UniKP,311.0,33609.3594,33312.14935325426
rxn00775,UniKP,2.520381416,20264.6715,447.7434089
rxn08800,UniKP,2.520381416,41794.9076,217.09279
rxn02107_reverse,UniKP,2.520381416,37127.2144,122.1930226
rxn10263_reverse,UniKP,2.474420277,19991.8961,445.5761951
rxn10902_reverse,UniKP,2.474420277,53858.7285,165.3940456
rxn10220,UniKP,2.474420277,22120.2321,402.7043187
rxn11567,UniKP,2.450330513,114487.7733,77.04918694
rxn02639,UniKP,2.450330513,21385.8988,412.4769283
rxn07454_reverse,UniKP,2.441384632,38115.2091,230.5899635
rxn02008,UniKP,2.440039805,47475.7433,185.0238182
rxn01301_reverse,UniKP,2.414316578,45534.6443,190.8775135
rxn02362_reverse,UniKP,2.414316578,41368.9265,210.098265
rxn02507,UniKP,2.407964661,29340.2457,295.4533125
rxn00459_reverse,UniKP,2.396273525,45742.0696,23.57398989
rxn01790,UniKP,2.374748258,36574.4253,233.7451281
rxn03366_reverse,UniKP,2.363801409,37127.2144,114.6017175
rxn02199,UniKP,2.363801409,41184.1249,103.3126853
rxn10902,UniKP,5.4,53858.7285,360.9442803685943
rxn10996,UniKP,2.363801409,49102.3736,57.76832122
rxn03407,UniKP,2.356747104,52171.3356,162.623584
rxn02166,UniKP,2.354109619,63010.6888,134.4977303
rxn11809_num1,UniKP,2.34773949,40144.7775,105.2672688
rxn02305_reverse_num1,UniKP,2.322411598,25613.5957,326.4157774
rxn01948,UniKP,2.309624041,98748.3047,21.05009947
rxn00655,UniKP,2.293382052,16114.2011,512.3539998
rxn02503,UniKP,2.293382052,20865.3312,395.6886813
rxn01739_reverse,UniKP,2.293382052,19608.3523,421.0540111
rxn03323,UniKP,2.281055794,35748.8391,229.7081826
rxn00686,UniKP,2.277589551,16114.2011,508.8258694
rxn01671,UniKP,2.277330104,34272.8783,239.2092167
rxn01388_reverse,UniKP,2.274157683,81995.4223,99.84664301
rxn00500_num1,UniKP,2.274157683,64714.9128,126.5082081
rxn01465_reverse_num1,UniKP,2.274157683,43147.2478,189.7448407
rxn01547_reverse,UniKP,2.274157683,14150.2055,289.2879421
rxn05360_reverse_num1,UniKP,2.274157683,25694.4805,79.65687085
rxn01636_reverse,UniKP,2.274157683,43131.9348,94.9061026
rxn05383_reverse,UniKP,2.274157683,32747.2721,250.0045693
rxn00285_reverse,UniKP,2.21996259,30189.2893,55.33753664
rxn00493_reverse_num1,UniKP,2.202989123,40262.753,196.975126
rxn03194_num1,UniKP,2.189365045,64880.5359,121.4804109
rxn00931_reverse_num1,UniKP,2.189365045,29412.4881,267.9716906
rxn04833,UniKP,2.189365045,32969.2773,239.062388
rxn08821,UniKP,2.189365045,41794.9076,188.5807294
rxn00461_reverse,UniKP,2.135353755,44754.3684,171.765881
rxn08756,UniKP,2.135353755,36503.7903,210.5883651
rxn07672,UniKP,2.135221818,49102.3736,52.18212469
rxn00328_reverse,UniKP,2.126977121,21505.1301,118.6866824
rxn08838,UniKP,2.12289648,41794.9076,182.8554665
rxn01231,UniKP,2.092399177,43423.7616,173.4680912
rxn16824,UniKP,2.086234768,28617.0099,262.4468871
rxn12154,UniKP,2.086234768,32969.2773,227.8013284
rxn01791_num1,UniKP,2.086234768,32259.1463,116.4079963
rxn00799_reverse,UniKP,2.086234768,55146.5943,68.09527643
rxn02693_reverse,UniKP,2.086234768,35066.9096,214.1747092
rxn00519,UniKP,2.086234768,45362.3748,165.5655199
rxn00859_reverse,UniKP,2.086234768,46338.1927,162.0789403
rxn10221,UniKP,2.071066124,22120.2321,337.0596662
rxn00500_reverse_num1,UniKP,2.057670395,64714.9128,114.4653234
rxn02834,UniKP,2.040182273,11698.9404,183.619382
rxn00105,UniKP,2.034989771,24672.472,296.9286245
rxn02107,UniKP,2.029056009,37127.2144,98.37260552
rxn00882_num1,UniKP,2.028924605,29975.5665,243.6694092
rxn00322,UniKP,2.028924605,43423.7616,168.2058005
rxn02937,UniKP,2.028924605,38452.431,189.9523226
rxn11599_reverse_num1,UniKP,2.028924605,33426.8232,218.5110004
rxn11759_reverse,UniKP,2.028924605,54737.5608,133.4390585
rxn00907_reverse,UniKP,2.028924605,31443.1375,116.1482148
rxn00338,UniKP,2.028924605,58279.8519,125.3285371
rxn00262,UniKP,2.028924605,58279.8519,125.3285371
rxn00314_num1,UniKP,2.028924605,29412.4881,248.3342638
rxn08392,UniKP,2.017368151,28969.9665,250.6915341
rxn08438,UniKP,2.017368151,24588.6511,295.3608685
rxn08131,UniKP,2.017368151,66885.2558,54.29092898
rxn08398,UniKP,2.017368151,28969.9665,250.6915341
rxn08136,UniKP,2.017368151,39562.7067,183.5699817
rxn08390,UniKP,2.017368151,28969.9665,250.6915341
rxn08312,UniKP,2.017368151,22120.2321,328.3204856
rxn08311,UniKP,2.017368151,22120.2321,328.3204856
rxn08308,UniKP,2.017368151,22120.2321,328.3204856
rxn08307,UniKP,2.017368151,22120.2321,328.3204856
rxn07734,UniKP,2.017368151,49102.3736,49.30192991
rxn06449,UniKP,2.017368151,100415.098,72.32503368
rxn06447,UniKP,2.017368151,74871.6322,48.49984655
rxn07579,UniKP,2.017368151,28969.9665,250.6915341
rxn06445,UniKP,2.017368151,50313.7298,72.17240079
rxn30415_num1,UniKP,1.998650603,36291.8828,198.2576162
rxn12197,UniKP,1.871896915,38452.2126,87.62602253
rxn02190_num1,UniKP,1.782940992,33426.8232,192.019072
rxn14294_reverse,UniKP,1.749392231,38331.8248,41.07430356
rxn11962,UniKP,1.749392231,54598.6818,115.3473275
rxn30415_reverse_num1,UniKP,1.749392231,36291.8828,173.5322487
rxn00392,UniKP,1.714301849,34272.8783,180.069109
rxn00361,UniKP,1.714301849,23370.2951,264.0739722
rxn40142,UniKP,1.676102297,32918.5824,183.2997604
rxn04832,UniKP,1.66266438,32969.2773,181.5505907
rxn04113,UniKP,1.640274347,36503.7903,161.7636854
rxn03848,UniKP,1.632808656,20423.3648,287.8130622
rxn01269,UniKP,1.631107702,32050.4568,91.60536718
rxn04270,UniKP,1.618899613,37127.2144,78.48742087
rxn42246,UniKP,1.598615459,29023.6483,198.2871206
rxn02962_num1,UniKP,1.582037461,51583.9245,110.4091035
rxn04453_num1,UniKP,1.561220599,48678.1523,115.4603018
rxn39829,UniKP,1.554427766,16670.8496,335.6721517
rxn03915,UniKP,1.459397306,37127.2144,70.75443698
rxn03921,UniKP,1.459397306,37127.2144,70.75443698
rxn03869,UniKP,1.448849865,31723.7283,164.415086
rxn03273,UniKP,1.420947006,114487.7733,44.68083426
rxn03958,UniKP,1.38675004,41857.6341,59.63428477
rxn00100,UniKP,1.38361809,22082.6008,225.5633369
rxn03360_reverse,UniKP,1.370322515,98748.3047,12.48922974
rxn00337_reverse_num1,UniKP,1.355271111,45450.4504,107.347143
rxn00500_num2,UniKP,1.355271111,36495.1793,133.688232
rxn00952,UniKP,1.21897753,44181.1951,24.83137394
rxn00781_reverse,UniKP,1.089165111,36101.6886,27.15243076
rxn04794,UniKP,1.034280916,86086.0654,21.62609755
rxn05814,UniKP,0.971597797,24759.8771,141.2669398
rxn00314_reverse_num1,UniKP,0.960556917,29412.4881,117.569275
rxn00342,UniKP,0.911897204,38700.1519,84.82731393
rxn08080,UniKP,0.87356662,38101.2796,82.53895579
rxn04137_reverse,UniKP,0.81607307,27581.202,106.5168607
rxn04831,UniKP,0.81607307,32969.2773,89.10911283
rxn04270_reverse,UniKP,0.81607307,37127.2144,39.56481921
rxn05334_reverse,UniKP,0.81607307,17270.3157,170.1105586
rxn05332_reverse,UniKP,0.81607307,17270.3157,170.1105586
rxn01274,UniKP,0.614632473,26826.3176,82.48157412
rxn02927,UniKP,0.543255881,47269.79,20.68679776
