,kcat,MW,kcat_MW
rxn00011_num1,16.321,243699.34440000044,241.0987200013161
rxn00048,76.6544,21839.538500000017,12635.607661764454
rxn00060,2.4317,33550.18180000004,260.92615688896177
rxn00085_reverse,41.9,53388.88840000016,2825.3069977759556
rxn00086_reverse,84.5151,48833.95960000009,6230.384807870452
rxn00100,0.3305,22082.600799999993,53.87952310399962
rxn00105,32.0129,24672.471999999998,4671.053634187932
rxn00113_reverse,14.73,239172.96320000032,221.7140235690316
rxn00124,30.3883,36737.325000000055,2977.840112201959
rxn00126,12.7837,170746.18040000004,269.53059735911955
rxn00134,0.8439,22082.600799999993,137.57618622531098
rxn00137,81.6824,29835.514700000018,9855.926500909329
rxn00138,4.1043,61597.684000000154,239.87070682722364
rxn00141_num1,3.266,50846.85770000004,231.23552824779557
rxn00148_reverse,3204.0,51444.54920000013,224210.34257988931
rxn00154,101.1526,1212474.825300003,300.33560483195885
rxn00157_reverse_num1,5.9447,172172.13080000086,124.29955940348908
rxn00159,11.9627,61864.25210000017,696.13255697954
rxn00168,100000,3600000.0,100000
rxn00179,6.887,42508.11390000008,583.2580588808471
rxn00187,999.0,52171.33560000002,68934.40542856255
rxn00189,1.1147,54660.2172000001,73.41573461585133
rxn00190,6.5887,61597.68400000016,385.0683736745677
rxn00192_num1,33.1196,86263.86960000011,1382.1610432370385
rxn00194,2.4388,43423.76160000006,202.18607685060584
rxn00198,25,46347.619895844255,1941.847288
rxn00202,2.2699,41256.770700000045,198.06785313907253
rxn00208,0.1222,44970.61039999999,9.782388899929188
rxn00209,0.4591,44970.6104,36.75200281470941
rxn00211,1.3602,47349.79780000002,103.41585872622244
rxn00213,5.5981,31704.213100000015,635.6618893657383
rxn00216,3.4423,34896.61570000002,355.1140920521985
rxn00231,0.8276,31723.728300000017,93.915821363279
rxn00242,0.4606,81185.13000000041,20.424429941788496
rxn00251_reverse,1.2138,394993.21880000277,11.062670932111631
rxn00256_num1,51.2864,47544.51330000005,3883.330108671021
rxn00260_num1,17.3331,43682.15320000008,1428.4817809759409
rxn00262,10.2061,58279.85190000007,630.4401744713417
rxn00279,29.219,59369.933700000176,1771.745283252686
rxn00285,4.2324,144420.33039999998,105.50204363747947
rxn00305,48.0627,45362.37480000003,3814.300304224811
rxn00313,58.0,45248.38000000007,4614.529846151391
rxn00322,0.7856,43423.76160000006,65.12931850657534
rxn00337_num1,245.0,45450.450400000045,19405.74828715007
rxn00338,10.2061,58279.85190000007,630.4401744713417
rxn00342,28.9543,38700.15190000001,2693.412683995175
rxn00346,3.6974,43423.76160000006,306.528948887744
rxn00351,155.8708,34927.6294,16065.644581077697
rxn00361,36.6219,23370.2951,5641.299754062583
rxn00392,0.7688,34272.8783,80.7542330052857
rxn00394,16.1904,32116.408700000018,1814.8181057367092
rxn00405,2.7341,43423.76160000006,226.6676040336401
rxn00412_num1,17.1342,239172.96320000032,257.90172590879166
rxn00414,2660.0,40807.83710000004,234660.80734771385
rxn00420_num1,13.4851,32079.379500000043,1513.319794729818
rxn00423,14.5794,28211.809699999998,1860.4208860802007
rxn00427,55.2974,54598.68180000005,3646.07044414028
rxn00438,31.0676,34612.114,3231.3357109594635
rxn00461,5.4324,44754.36840000005,436.9772314784802
rxn00470_num1,2.8114,43423.76160000007,233.0760769467743
rxn00474_num1,9.3856,146331.53320000006,230.9014281550628
rxn00484,0.3739,394993.21880000277,3.407754705484049
rxn00493_num1,16.5699,40262.753000000055,1481.5588988661534
rxn00497,2.9429,394993.2188000029,26.821827554878325
rxn00500_num1,0.2667,64714.91280000024,14.836147627475386
rxn00507,5.4383,49622.11210000003,394.53943356030567
rxn00508,8.2556,49622.11210000003,598.929766232179
rxn00519,48.0627,45362.37480000003,3814.300304224811
rxn00529,0.928,394993.21880000277,8.457866720217163
rxn00532,69.5466,74254.42880000007,3371.755248085617
rxn00543_num1,470,16920.0,100000
rxn00544,2.8406,243699.34440000044,41.96219741656384
rxn00549,0.3889,35303.74940000004,39.65697762402535
rxn00555,13.8896,131973.9630000004,378.8820072031924
rxn00566,1.2209,75194.69880000048,58.45146094261597
rxn00599,7.8851,88456.11400000018,320.9089650942607
rxn00601,0.2435,37899.41710000005,23.12964333163844
rxn00604,305,53858.72849335683,20386.66769
rxn00611_reverse,1.6042,36309.67739999999,159.0518124515202
rxn00612_reverse,1.6042,36309.67739999999,159.0518124515202
rxn00633,200,188758.24001288487,3814.403016
rxn00640,1.7288,52267.07640000004,119.07457674445313
rxn00646,2.5453,105087.84620000013,87.1944790129307
rxn00650_num1,20.0503,29848.996200000027,2418.207953003121
rxn00678,1.2496,415799.06640000053,10.819071911220613
rxn00686,4.3888,16114.201099999991,980.4817441430596
rxn00690,8.12,59285.44550000012,493.0721149763467
rxn00692,2.0156,91625.53780000015,79.1936415788218
rxn00693_num1,11.802,97254.07320000067,436.8680776241227
rxn00700,0.0336,29083.167800000014,4.15910676690453
rxn00707,1.7708,22854.669100000003,278.9311878508011
rxn00710,999.0,25302.852399999992,142134.17298359616
rxn00721,4.596,104392.0030000008,158.49489926924645
rxn00726,0.8437,135994.11180000028,22.334202266542498
rxn00727,0.9165,135994.11180000025,24.26134452682968
rxn00730,67.1577,87083.72879999994,2776.2674305696496
rxn00735_reverse,53.4952,75455.17200000002,2552.279915285329
rxn00743,6.9298,63010.68880000017,395.9213980215994
rxn00770,311.0,33609.35940000003,33312.14935325423
rxn00771,5.0987,88377.00120000007,207.69340157244423
rxn00775,40.5474,20264.671500000004,7203.207809216151
rxn00776_num1,0.8764,87411.28100000003,36.09419704076867
rxn00780,2.5528,39727.32829999999,231.3289212554473
rxn00781,114.3541,144406.75440000033,2850.7998930554118
rxn00785,28.4674,72109.32370000031,1421.2120533311777
rxn00789_num1,0.198,24535.316500000004,29.05199939034819
rxn00790_num1,17.0486,54737.56080000011,1121.258585567077
rxn00791,54.5526,72273.31580000011,2717.314929115231
rxn00792,38.5283,29752.945800000012,4661.786464182647
rxn00806,14.0357,40494.70509999998,1247.7809104973585
rxn00816,12.3938,114487.77330000089,389.7156763026996
rxn00838,999.0,46766.77610000002,76900.74663923646
rxn00851,2.1112,35214.165000000015,215.8313281033356
rxn00853,1.4882,31723.72830000002,168.88052845919742
rxn00859,35.0,46338.19270000007,2719.13928140749
rxn00861,7.6572,88456.11400000018,311.6338572142107
rxn00866,0.1684,394993.21880000277,1.534811159142856
rxn00902,450.0,62510.82230000015,25915.512552775937
rxn00903,14.0357,40494.70509999998,1247.7809104973585
rxn00907,5.4638,62886.275000000045,312.78176358831854
rxn00912_num1,2.9203,292311.1560000001,35.96537382924926
rxn00917,999.0,57836.54250000007,62182.140296508835
rxn00921,9.1252,26959.163299999997,1218.5363334328704
rxn00927,7.0856,50846.85770000004,501.666398944452
rxn00931_reverse_num1,6,29412.488099298807,734.3819376
rxn00952,11.1563,176724.7804000001,227.2611679533312
rxn01018,417.0,34649.92220000005,43324.77260223106
rxn01019,1230.8165,34017.59110000003,130254.35537085978
rxn01029,15.3399,35748.83910000004,1544.7673656065642
rxn01069,4080.0,50403.68980000014,291407.23741220945
rxn01100,999,41387.170397677,86896.4939
rxn01102,1.4591,39727.32829999998,132.22031847533032
rxn01137_num1,6.1287,58348.041700000125,378.1329991062914
rxn01143,3.3697,88377.00120000007,137.2633132521359
rxn01200,28.4674,72109.32370000031,1421.2120533311777
rxn01208,146.1134,75455.17200000005,6971.135656545846
rxn01210,1.3777,48082.2129000001,103.15082648785472
rxn01213,2.1463,32291.772000000034,239.27705175175868
rxn01225_num1,1.1306,47476.72140000003,85.72959294531229
rxn01231,3.3832,43423.76160000006,280.4805376418606
rxn01241,29.5413,99490.77700000018,1068.9300376053934
rxn01257_num1,2.6976,22648.880199999996,428.7788144157344
rxn01274,133.4995,26826.31760000001,17915.175953929654
rxn01275,111.3842,18812.10259999999,21315.16760917518
rxn01300,40.8,36737.325000000055,3998.1136351108794
rxn01301_reverse,12.9431,45534.644300000065,1023.2903038181838
rxn01302_reverse,12.9431,45534.644300000065,1023.2903038181838
rxn01303_num1,3.4895,82368.24980000014,152.51264935824798
rxn01331,22.8569,144406.75440000033,569.8129588320684
rxn01332,18.2641,48916.332800000055,1344.147368299856
rxn01362_num1,6.4155,41559.815599999994,555.7243136564832
rxn01368_num1,0.0391,17168.17369999999,8.19889188329916
rxn01396,7.4499,36737.32500000005,730.0379110346212
rxn01434,9.4578,182810.13520000002,186.24831693686093
rxn01454,1.3523,41256.77070000003,117.99954086081672
rxn01465_num1,2.9492,43147.24780000009,246.06714312841936
rxn01466,1.4882,32291.77200000004,165.90975558727447
rxn01476,105.5788,25530.8671,14887.22175049041
rxn01479,41.7986,24672.471999999998,6098.900831663726
rxn01484,13.6035,41124.60740000007,1190.8344686106332
rxn01486_num1,1.4882,32291.77200000004,165.90975558727447
rxn01518,2.9691,88377.00120000007,120.94504061991177
rxn01520,3.3821,67172.17640000001,181.2589773405049
rxn01530_num1,1.4882,36122.01000000003,148.31732785634009
rxn01547,12.2608,28300.410999999975,1559.6550876946642
rxn01575,14.0357,40494.70509999998,1247.7809104973585
rxn01602,19.3887,16114.201099999986,4331.54082953576
rxn01603,2.3913,48082.21290000009,179.04084443667492
rxn01636,65.3859,86263.86960000011,2728.711812853799
rxn01637,10.665,85719.85719999995,447.9008861438003
rxn01639,18.6486,56449.61570000018,1189.289938779863
rxn01641,6.0706,32482.2291,672.803579234653
rxn01643,79.6019,74254.42880000007,3859.255867038597
rxn01644_num1,16.3179,123996.19040000006,473.76003900197225
rxn01653,0.5311,24041.20529999999,79.52845858356365
rxn01671,1.7639,34272.878300000004,185.27886524196597
rxn01739,7.5179,19608.35229999999,1380.250598618631
rxn01740,5.848,63115.713400000044,333.5587742877352
rxn01790,0.5277,36574.425300000024,51.941212593708165
rxn01791_num1,5.1233,64518.29260000007,285.87055324523544
rxn01800_num1,0.0357,17168.173699999992,7.4859447630122755
rxn01807,0.356,36737.325000000055,34.885501325967475
rxn01843,3.1522,31723.728300000017,357.7107927758918
rxn01851,61.0111,74254.42880000005,2957.937506887129
rxn01858_num1,2.0697,37880.82990000003,196.69368436935943
rxn01871,59.0801,1123989.0456000029,189.2263637555859
rxn01917,187.5,31709.234900000018,21287.173977193615
rxn01964_num1,10.2552,146331.53320000006,252.29503984996165
rxn01973,14.3391,80038.10180000013,644.952326942865
rxn02008,2.5605,47475.74330000009,194.158097573166
rxn02009,1.5726,24041.20529999999,235.48569754944867
rxn02011,25.4736,51755.77200000004,1771.878893044044
rxn02015_num1,2.6075,38084.72790000004,246.4767511178671
rxn02056_num1,0.0915,30948.072900000043,10.643635261696684
rxn02155,43.5584,24672.471999999998,6355.676074938904
rxn02159,0.8301,46338.192700000065,64.49021478561022
rxn02175,56.8659,120227.65199999996,1702.746719199008
rxn02185_num1,46.2389,83350.61050000023,1997.106427912721
rxn02190_num1,56.8847,33426.82320000002,6126.365008565931
rxn02199,3.4895,82368.24980000014,152.51264935824798
rxn02200,2.8061,40155.666000000034,251.569977696298
rxn02201,1.4807,40155.66600000004,132.7463974822381
rxn02222,0.8489,31723.72830000002,96.3329395303136
rxn02229,3.51,72526.16140000008,174.22678597739747
rxn02230_num1,90.8002,32514.703200000044,10053.3201238017
rxn02275,1.4882,31723.72830000002,168.88052845919742
rxn02277,21.1502,106439.66320000011,715.3416096115561
rxn02283,6.0706,32482.2291,672.803579234653
rxn02285,2.4926,33904.400799999996,264.6665267123671
rxn02286,0.8074,51022.52040000014,56.967785542793216
rxn02288,0.0961,76573.24779999998,4.51802698644317
rxn02297_num1,11.3577,87407.57280000007,467.7823521487828
rxn02303,6.2212,65290.7308,343.0244955996112
rxn02305_num1,3.743,25613.595699999998,526.0799833738299
rxn02312,7.3346,93857.84400000016,281.3250216998374
rxn02320_num1,16.5699,40262.753000000055,1481.5588988661534
rxn02331,1.3694,31253.560299999986,157.7369090970414
rxn02339_num1,17.3331,43682.15320000008,1428.4817809759409
rxn02341,0.0774,90724.74960000005,3.071267776747877
rxn02342,35.8931,88485.77969999998,1460.2929469355176
rxn02362,44.468,41368.92650000003,3869.687070560071
rxn02373,0.7472,45808.755100000075,58.72065272518169
rxn02402,0.3457,34940.58180000004,35.61818195025014
rxn02405_num1,0.0874,29083.16780000001,10.818628911531428
rxn02465,2.071,33836.32870000001,220.3430539436744
rxn02474,2.9152,35145.1102,298.6110995321335
rxn02475_num1,2.5734,35145.11020000001,263.5996856256834
rxn02476,46.7361,47787.90410000005,3520.764577745937
rxn02503,0.9754,20865.331200000004,168.29064280561238
rxn02548,0.3353,47879.176000000014,25.21096018862145
rxn02639,13.1431,21385.898799999984,2212.4466426447334
rxn02693,72.1641,35066.90960000002,7408.4304252462525
rxn02792,5.7209,59444.52770000018,346.4614960680382
rxn02796_num1,2.1216,38084.72790000004,200.5465293084053
rxn02819_num1,0.6426,292311.15600000013,7.914032538669167
rxn02834,0.7501,39999.35139999996,67.51009467618523
rxn02835,9.9,14150.205499999985,2518.691336320171
rxn02895,4.3576,44043.57359999999,356.1781825986982
rxn02914,5.2986,41924.49620000007,454.983642713397
rxn02927,7.7702,94539.58000000006,295.8836923117279
rxn02937,2.1681,38452.43100000005,202.98222497298
rxn02938_num1,2.9998,79530.28880000002,135.78826586632485
rxn02961,25.705,24672.471999999998,3750.6578181545815
rxn02962_num1,0.174,51583.92450000007,12.143318021489412
rxn02988,5.8798,36252.408100000044,583.8861777571123
rxn03004,178.4532,22899.957400000018,28053.83035341365
rxn03031_reverse,131.4476,87083.72879999994,5433.981370811493
rxn03052,0.6609,84927.9484000004,28.014806018792143
rxn03062,52.2819,75455.17200000005,2494.392829692309
rxn03063,3.9419,67172.17640000001,211.2606850118377
rxn03068,0.3314,36574.425300000024,32.619514598360595
rxn03080,18.5518,14860.988899999995,4494.080471320453
rxn03084,13.0932,110162.20040000044,427.8738063405623
rxn03114,0.7709,38950.83580000008,71.24981898334501
rxn03135,169.9725,49672.0429,12318.820895526324
rxn03137,23.3341,56449.61570000016,1488.1015390154332
rxn03147_num1,9.1368,29610.566200000005,1110.835901543821
rxn03164,12.2755,49304.77470000012,896.2985891100705
rxn03167,11.1479,63010.68880000016,636.914795954427
rxn03185,3.5261,32291.772000000026,393.10199514600777
rxn03194_num1,1.2715,64880.53590000022,70.55120517276714
rxn03384,0.0961,76573.24779999998,4.51802698644317
rxn03395,23.953,28903.801200000024,2983.372304678041
rxn03397,2.0913,27406.10640000001,274.7081212528605
rxn03407,1.072,52171.33560000002,73.97165427369275
rxn03408,3.1366,42379.201300000066,266.4457954284283
rxn03409,1.0807,52171.33560000002,74.57198393057813
rxn03422,15.9482,50575.08620000008,1135.2134877824471
rxn03435,0.3824,36574.425300000024,37.63941575863939
rxn03445,2.6055,41924.49620000006,223.7307743724297
rxn03446,3.3421,50403.68980000014,238.70395297925128
rxn03463,3.5261,32291.772000000026,393.10199514600777
rxn03618,11.3292,74254.42880000005,549.261783561117
rxn03638,853.0,49102.37360000002,62538.72827035797
rxn03762,32.2937,44754.36840000005,2597.675358993556
rxn03839,0.9982,31723.728300000017,113.27546264478624
rxn03842,99.2261,35748.83910000004,9992.32335911013
rxn03843,0.1346,55429.14980000006,8.741970637262048
rxn03891,1.4882,32291.77200000004,165.90975558727447
rxn03892,1.4882,32291.77200000004,165.90975558727447
rxn03893,165.1968,35066.90960000001,16959.249810824498
rxn03901,0.2,29095.264000000032,24.746295479566683
rxn03903,29.7108,38865.45770000003,2752.0293424976167
rxn03904,31.6518,38865.45770000002,2931.8188114377963
rxn03908,35.3632,30473.55089999999,4177.639829954967
rxn03909_num1,999.0,70306.53290000027,51153.14113292004
rxn03933,3.1366,42379.201300000066,266.4457954284283
rxn03951,8.8627,70904.44820000007,449.9819237010855
rxn03958,2.1467,83715.2682000002,92.31434320364492
rxn04070,1.9304,223766.80480000025,31.0566172056276
rxn04113,3.7,36503.79030000005,364.8936148967517
rxn04137,1.4882,27581.202,194.2453414466853
rxn04453_num1,5.1778,48678.15230000006,382.9249698123808
rxn04674,1.7039,27406.10640000001,223.82019213061207
rxn04704_num1,0.3241,51224.8104000001,22.777243895860234
rxn04794,10.6557,172172.13080000092,222.8033063292947
rxn04809,27.1748,32969.27730000003,2967.2861527965583
rxn04810,27.1748,32969.27730000003,2967.2861527965583
rxn04811,27.1748,32969.27730000003,2967.2861527965583
rxn04830,27.1748,32969.27730000003,2967.2861527965583
rxn04831,27.1748,32969.27730000003,2967.2861527965583
rxn04832,27.1748,32969.27730000003,2967.2861527965583
rxn04833,27.1748,32969.27730000003,2967.2861527965583
rxn04872,27.1748,32969.27730000003,2967.2861527965583
rxn04873,27.1748,32969.27730000003,2967.2861527965583
rxn04886,27.1748,32969.27730000003,2967.2861527965583
rxn04894,27.1748,32969.27730000003,2967.2861527965583
rxn04895,27.1748,32969.27730000003,2967.2861527965583
rxn04896,27.1748,32969.27730000003,2967.2861527965583
rxn04903,27.1748,32969.27730000003,2967.2861527965583
rxn04916,27.1748,32969.27730000003,2967.2861527965583
rxn04919,27.1748,32969.27730000003,2967.2861527965583
rxn04954,10.3955,33440.82230000003,1119.1052559733248
rxn04996,1.4882,36503.79030000006,146.7661291052286
rxn05005_num1,0.3138,51583.92450000007,21.89984594909987
rxn05006_num1,0.2905,51583.92450000005,20.273757961164797
rxn05012,24.4584,72109.32370000033,1221.0659521134796
rxn05034,165.1968,35066.90960000001,16959.249810824498
rxn05071,16.8249,155778.03550000096,388.82015558605264
rxn05126,101.8266,74254.42880000005,4936.752809550933
rxn05127,101.8266,74254.42880000005,4936.752809550933
rxn05229,2.4821,98429.7272,90.78111109506357
rxn05239,31.3739,28261.758000000023,3996.4265492613695
rxn05287,1.4882,32291.77200000004,165.90975558727447
rxn05293,10.2046,39940.52270000006,919.7816532330946
rxn05349,4.0855,68416.90720000009,214.97317844265223
rxn05383,11.4158,32747.272100000013,1254.971097271946
rxn05408,8.7766,32747.272100000017,964.836396250544
rxn05465,2100.0,32747.272100000017,230858.92397125793
rxn05957,20.576,176724.7804000001,419.14665182970543
rxn06060_num1,14.3473,39392.67060000003,1311.1647220993432
rxn06077,90.0509,20215.694599999988,16036.215742990113
rxn06078,11.1563,176724.7804000001,227.2611679533312
rxn06280,12.4862,90027.8218000001,499.2936527983391
rxn06297,2.5046,32291.77200000003,279.221592422986
rxn06300,1.0852,97113.64450000068,40.228332693249634
rxn06386,0.2464,37899.41710000005,23.40510930971545
rxn06432,46.0445,63285.268100000205,2619.254132542728
rxn06434,2.6666,132913.49200000032,72.22562476953037
rxn06435,0.3043,58522.998200000075,18.718794895918347
rxn06437,99.1694,116808.47010000014,3056.369454153133
rxn06438,1.9523,216097.7786000009,32.52361058745271
rxn06439,0.2726,93626.85420000009,10.48160817091726
rxn06440,2.1981,106261.18650000081,74.46895955749507
rxn06441,5.7248,95426.63880000061,215.96988282479325
rxn06442,1.2147,59841.35660000014,73.07521500941357
rxn06443,1.0042,58597.43760000013,61.6941652752405
rxn06444,12.0929,250895.7334000013,173.51606346606678
rxn06445,14.4735,100627.45960000003,517.7970328091238
rxn06446,1.4483,95459.7412000001,54.6186270197011
rxn06447,0.4211,149743.26440000063,10.123727474983466
rxn06448,0.0245,75210.84180000011,1.172703268426918
rxn06449,3.7309,100415.09800000065,133.75717663493106
rxn06515,23.953,28903.801200000024,2983.372304678041
rxn06538,4.4441,32482.2291,492.5388571931474
rxn06570,23.953,28903.801200000024,2983.372304678041
rxn06673,6.2204,65547.94470000001,341.6345104715388
rxn06728,3.5261,32291.772000000026,393.10199514600777
rxn06735,3.5261,32291.772000000026,393.10199514600777
rxn06750,3.5261,32291.772000000026,393.10199514600777
rxn06759,3.5261,32291.772000000026,393.10199514600777
rxn06804,23.953,28903.801200000024,2983.372304678041
rxn06805,23.953,28903.801200000024,2983.372304678041
rxn06874_num1,2.5042,109969.73800000008,81.9781893087714
rxn06936,5.0571,132913.49200000032,136.97300195829598
rxn06937_num1,2.0857,53892.32760000007,139.32447037229082
rxn07100,24.029,38865.45770000002,2225.739901681383
rxn07181,27.1748,32969.27730000003,2967.2861527965583
rxn07292,2.5407,84625.52280000015,108.08228649430552
rxn07312,3.9419,67172.17640000001,211.2606850118377
rxn07670,0.1544,147307.12080000006,3.77334101013805
rxn07672,0.1544,147307.12080000006,3.77334101013805
rxn07673,0.1544,147307.12080000006,3.77334101013805
rxn07720,0.1973,147307.12080000003,4.821762832255423
rxn07721,0.1973,147307.12080000003,4.821762832255423
rxn07734,0.1973,147307.12080000003,4.821762832255423
rxn07841,2.7718,40155.666000000034,248.49494464865785
rxn07842,2.7718,40155.666000000034,248.49494464865785
rxn08044,13.9253,31816.335500000034,1575.6396584389786
rxn08103_num1,0.6603,146340.88480000017,16.243444224412652
rxn08131,18.7961,133770.51160000038,505.8361457294435
rxn08168,39.2647,58279.85190000008,2425.4165958167064
rxn08180,1.1334,72526.16140000008,56.258871574581846
rxn08307,96.4698,22120.232099999976,15700.164375761698
rxn08309,90.3041,22120.232099999976,14696.71559187665
rxn08311,85.6288,22120.23209999998,13935.82484154858
rxn08352,1.4882,36503.79030000006,146.7661291052286
rxn08521,23.1162,62886.275000000045,1323.3145070208077
rxn08546,18.6984,97451.29230000003,690.7475356281137
rxn08547,18.6984,97451.29230000003,690.7475356281137
rxn08548,18.6984,97451.29230000003,690.7475356281137
rxn08549,18.6984,97451.29230000003,690.7475356281137
rxn08550,18.6984,97451.29230000003,690.7475356281137
rxn08551,18.6984,97451.29230000003,690.7475356281137
rxn08552,18.6984,97451.29230000003,690.7475356281137
rxn08756,1.4882,36503.79030000006,146.7661291052286
rxn08796,1.1294,41794.90760000004,97.28075101666204
rxn08797,1.1054,41794.907600000035,95.2135135238341
rxn08801,1.0851,41794.90760000003,93.4649751444838
rxn08838,1.7586,41794.90760000003,151.47682728696822
rxn08839,1.6465,41794.90760000003,141.821105497551
rxn08841,1.5553,41794.907600000035,133.96560302480475
rxn08843,1.5116,41794.907600000035,130.2015080899472
rxn08846,1.7638,41794.907600000035,151.92472874374758
rxn08848,1.8359,41794.90760000003,158.13505471178493
rxn08850,1.8997,41794.907600000035,163.63046104688587
rxn09108,0.0558,19991.896100000005,10.048071428302388
rxn09109,0.0558,19991.896100000005,10.048071428302388
rxn09110,0.0558,19991.896100000005,10.048071428302388
rxn09111,0.0558,19991.896100000005,10.048071428302388
rxn09112,0.0558,19991.896100000005,10.048071428302388
rxn09113,0.0558,19991.896100000005,10.048071428302388
rxn09114,0.0558,19991.896100000005,10.048071428302388
rxn09177,6.5838,45362.37480000002,522.4964544845652
rxn09200,8.6471,26959.1633,1154.693105776024
rxn09202,7.7429,26959.163299999997,1033.9504861413857
rxn09205,2.0814,29355.374000000003,255.2527520173989
rxn09206,4.1932,29355.374000000003,514.2336118763126
rxn09207,2.0814,29355.374000000003,255.2527520173989
rxn09208,2.0814,29355.374000000003,255.2527520173989
rxn09209,2.0814,29355.374000000003,255.2527520173989
rxn09210,3.534,29355.374000000003,433.3925365760967
rxn09211,2.0814,29355.374000000003,255.2527520173989
rxn09310_num1,7.7504,147897.60379999995,188.65376641078487
rxn09345,0.1346,55429.14980000006,8.741970637262048
rxn10199_num1,1.4125,75291.49010000043,67.53751311398166
rxn10202,18.6984,97451.29230000003,690.7475356281137
rxn10203,18.6984,97451.29230000003,690.7475356281137
rxn10204,18.6984,97451.29230000003,690.7475356281137
rxn10205,18.6984,97451.29230000003,690.7475356281137
rxn10206,18.6984,97451.29230000003,690.7475356281137
rxn10207,18.6984,97451.29230000003,690.7475356281137
rxn10208,18.6984,97451.29230000003,690.7475356281137
rxn10209,18.6984,97451.29230000003,690.7475356281137
rxn10210,18.6984,97451.29230000003,690.7475356281137
rxn10226,2.0814,29355.374000000003,255.2527520173989
rxn10227,2.0814,29355.374000000003,255.2527520173989
rxn10228,2.0814,29355.374000000003,255.2527520173989
rxn10229,2.0814,29355.374000000003,255.2527520173989
rxn10230,2.0814,29355.374000000003,255.2527520173989
rxn10231,2.0814,29355.374000000003,255.2527520173989
rxn10259,0.0558,19991.896100000005,10.048071428302388
rxn10260,0.0558,19991.896100000005,10.048071428302388
rxn10261,0.0558,19991.896100000005,10.048071428302388
rxn10262,0.0558,19991.896100000005,10.048071428302388
rxn10263,0.0558,19991.896100000005,10.048071428302388
rxn10264,0.0558,19991.896100000005,10.048071428302388
rxn10902,600,53858.728501282414,40104.92004
rxn10996,1.2648,147307.12080000006,30.910114699628277
rxn11663,8.8627,70904.44820000007,449.9819237010855
rxn11755_num1,18.4605,33426.82320000001,1988.15782171008
rxn11759,10.6435,54737.5608000001,700.0056166185602
rxn11944,1.1631,84927.94840000043,49.30249792776083
rxn11962,461.0403,54598.68180000004,30398.99545706612
rxn12154,27.1748,32969.27730000003,2967.2861527965583
rxn12197,6.5103,76904.42520000003,304.75593490295006
rxn12510,11.7134,59413.65800000005,709.7398379342334
rxn12512,6.5838,45362.37480000002,522.4964544845652
rxn12641_num1,18.135,29848.99620000002,2187.209230171699
rxn13394,16.321,243699.34440000044,241.0987200013161
rxn14090,0.1075,35088.26090000003,11.029329755126156
rxn14138,13.1431,21385.898799999984,2212.4466426447334
rxn15166,2.6276,75194.6988000005,125.7982298081888
rxn16806,0.1002,13719.437499999989,26.292623148726054
rxn21734,165.1968,35066.90960000001,16959.249810824498
rxn22110,1.7039,27406.10640000001,223.82019213061207
rxn22120,23.953,28903.801200000024,2983.372304678041
rxn22482,23.953,28903.801200000024,2983.372304678041
rxn27697,6.4733,44113.94880000004,528.2655630230041
rxn29950,28.9543,38700.15190000001,2693.412683995175
rxn29962,103.2335,38700.151900000004,9603.07858636596
rxn29964,37.1474,59444.52770000017,2249.671166955871
rxn30018,12000,58573.86409845944,737530.3075
rxn30415_num1,0.265,36291.88280000005,26.286869856198223
rxn30633,2.6276,75194.6988000005,125.7982298081888
rxn36708_num1,0.4218,64714.912800000224,23.464143491822718
rxn36773,27.7478,48670.28130000005,2052.42454598264
rxn36841,27.7478,48670.28130000005,2052.42454598264
rxn39451,2.2039,26771.21209999999,296.3646162289381
rxn39452,2.2039,26771.21209999999,296.3646162289381
rxn39829,0.6491,16670.84959999998,140.17042058852255
rxn40142,15.1051,32918.5824,1651.9046701111893
rxn45829,2.3488,32969.27730000003,256.4714999075819
SacB,5.95,46761.4499,458.0696288461321
SacC,8.129,46099.786400000026,634.8055443484654
LIPOS,0.3026,35661.46010000006,30.547262982089677
SCYSDS,0.1226,44167.87420000007,9.992783397304624
rxn00929_reverse_num1,27,29412.488101078838,3304.718719
rxn00505,112,46347.61990245051,8699.475849
rxn00109_reverse,46.477,59447.78890000013,2814.523518804913
rxn00124_reverse,3.9728,36737.325000000055,389.3065159207966
rxn00179_reverse,10.0973,42508.11390000007,855.1374470651341
rxn00198_reverse,25,46347.619895844255,1941.847288
rxn00211_reverse,0.9187,47349.79780000002,69.84866152902555
rxn00260_reverse_num1,49.897,43682.15320000008,4112.187400139416
rxn00285_reverse,3.9368,144420.33039999998,98.1335519780808
rxn00314_reverse_num1,25.1855,29412.488099999988,3082.6293814973114
rxn00328_reverse,26.8103,64515.39029999996,1496.0318700885246
rxn00337_reverse_num1,11.6462,45450.45040000005,922.4621457216616
rxn00459_reverse,49.9442,365936.55680000014,491.33959605535625
rxn00461_reverse,5.5267,44754.36840000005,444.5626362587652
rxn00493_reverse_num1,25.4858,40262.753000000055,2278.753268560644
rxn00500_reverse_num1,1.2496,64714.91280000024,69.51349859502528
rxn00532_reverse,72.5144,74254.42880000004,3515.639999105344
rxn00543_reverse_num1,470,16920.0,100000
rxn00555_reverse,10.6486,131973.9630000004,290.4736595657121
rxn00604_reverse,305,53858.72849335683,20386.66769
rxn00640_reverse,1.6796,52267.07640000004,115.68582779962024
rxn00655_reverse,12.1232,16114.201099999984,2708.388689526783
rxn00678_reverse,2.2782,415799.06640000065,19.724719612790327
rxn00686_reverse,19.3887,16114.201099999986,4331.54082953576
rxn00692_reverse,3.6413,91625.53780000015,143.06797334836466
rxn00693_reverse_num1,13.3241,97254.07320000067,493.21080775051456
rxn00781_reverse,58.3489,144406.7544000003,1454.613676990164
rxn00783_reverse,7.3174,16264.286199999977,1619.6616117097126
rxn00785_reverse,12.8672,72109.32370000033,642.3846130178002
rxn00786_reverse,36.1403,32790.98150000001,3967.709231271409
rxn00799_reverse,31.8456,110293.18860000011,1039.449139654304
rxn00800_reverse,37.5148,48582.25190000007,2779.889254166084
rxn00802_reverse,42.7145,51078.65420000011,3010.4982679829427
rxn00806_reverse,9.8853,40494.705099999985,878.8082272020303
rxn00859_reverse,13.1292,46338.19270000006,1020.003527241578
rxn00903_reverse,9.9637,40494.705099999985,885.7780273105387
rxn00905_reverse,80.4413,56449.61570000016,5130.038112907811
rxn00907_reverse,3.1773,62886.27500000003,181.8883373200272
rxn00912_reverse_num1,2.7575,292311.156,33.96038706097142
rxn00974_reverse,59.3549,81995.42230000041,2605.9703579330053
rxn01100_reverse,999,41387.170397677,86896.4939
rxn01200_reverse,12.8672,72109.32370000033,642.3846130178002
rxn01216_reverse,7.4865,49902.84350000009,540.0774406773023
rxn01257_reverse_num1,3.1633,22648.8802,502.8010170675017
rxn01300_reverse,9.546,36737.325000000055,935.4409990384424
rxn01334_reverse,11.3663,32790.981500000016,1247.8638371956015
rxn01388_reverse,59.3549,81995.42230000041,2605.9703579330053
rxn01396_reverse,0.3482,36737.325000000055,34.12115607219628
rxn01465_reverse_num1,1.3528,43147.24780000008,112.87116208603209
rxn01530_reverse_num1,1.4882,36122.01000000003,148.31732785634009
rxn01547_reverse,11.9107,28300.41099999997,1515.1200454297305
rxn01575_reverse,5.9353,40494.70509999999,527.6512064289611
rxn01602_reverse,0.2724,16114.201099999986,60.8556386949894
rxn01636_reverse,66.215,86263.86960000011,2763.312161920449
rxn01637_reverse,18.5831,85719.85719999997,780.439470914098
rxn01641_reverse,6.16,32482.229100000004,682.7117662315853
rxn01682_reverse_num1,20.2982,146331.53320000003,499.3696054569869
rxn01739_reverse,7.4609,19608.352299999995,1369.7856703645623
rxn01740_reverse,7.5552,63115.71340000005,430.9342085326089
rxn01807_reverse,0.16,36737.325000000055,15.67887700043482
rxn01834_reverse_num1,50.7989,15870.65119999999,11522.907138177174
rxn01843_reverse,5.6877,31723.72830000002,645.4386384339317
rxn01917_reverse,2.3314,31709.234900000036,264.6875595222889
rxn02009_reverse,0.8647,24041.205299999987,129.48269278329408
rxn02107_reverse,114.0545,74254.42880000005,5529.58532757577
rxn02181_reverse,4.7124,65391.18330000023,259.4331398190181
rxn02182_reverse,8.9676,51078.65420000011,632.0323138035991
rxn02185_reverse_num1,83.5135,83350.61050000023,3607.0353677853286
rxn02186_reverse,0.3314,36574.425300000024,32.619514598360595
rxn02229_reverse,2.4381,72526.16140000008,121.02060595199224
rxn02230_reverse_num1,18.222,32514.703200000047,2017.524182721124
rxn02264_reverse,0.0052,27127.10900000002,0.6900845939757159
rxn02283_reverse,12.6445,32482.229099999997,1401.3878130057276
rxn02285_reverse,2.481,33904.400799999996,263.43482820082755
rxn02305_reverse_num1,2.9408,25613.595699999998,413.3304876050652
rxn02312_reverse,9.1121,93857.84400000019,349.50259458335665
rxn02320_reverse_num1,5.5092,40262.753000000055,492.5922477283154
rxn02339_reverse_num1,10.2092,43682.15320000008,841.3761068902604
rxn02342_reverse,29.6574,88485.77969999997,1206.5965894404617
rxn02362_reverse,12.6117,41368.92650000004,1097.4933081717738
rxn02474_reverse,4.8185,35145.110199999996,493.5707955185186
rxn02476_reverse,35.541,47787.90410000005,2677.4055571104204
rxn02504_reverse,7.7449,16264.286199999977,1714.286114812714
rxn02548_reverse,0.3165,47879.176000000014,23.797402027135966
rxn02789_reverse_num1,5.7271,21336.010099999996,966.3268766450389
rxn02811_reverse_num1,5.7271,21336.010099999996,966.3268766450389
rxn02819_reverse_num1,0.5042,292311.1560000001,6.209547472762208
rxn02914_reverse,3.4323,41924.496200000074,294.72697634944933
rxn02937_reverse,1.5705,38452.43100000005,147.03361667822753
rxn02962_reverse_num1,0.1244,51583.92450000007,8.681774493524614
rxn03004_reverse,216.0784,22899.957400000014,33968.719959278154
rxn03052_reverse,1.1631,84927.94840000043,49.30249792776083
rxn03062_reverse,146.1134,75455.17200000005,6971.135656545846
rxn03063_reverse,3.1869,67172.17640000001,170.7975029970891
rxn03068_reverse,0.4317,36574.425300000024,42.491986880242216
rxn03080_reverse,26.1431,14860.988899999991,6333.034809009248
rxn03136_reverse,37.5148,48582.25190000007,2779.889254166084
rxn03137_reverse,16.8653,56449.61570000017,1075.5623266359955
rxn03194_reverse_num1,1.0069,64880.535900000235,55.86945221270878
rxn03395_reverse,19.2043,28903.801200000024,2391.916534493738
rxn03408_reverse,1.1924,42379.20130000007,101.29119634918632
rxn03445_reverse,2.8487,41924.496200000074,244.61403068690856
rxn03884_reverse,31.0106,64515.39029999996,1730.4112938149592
rxn03903_reverse,18.7656,38865.45770000002,1738.2056972405078
rxn03904_reverse,20.497,38865.45770000002,1898.5804970978115
rxn03908_reverse,33.1671,30473.550899999984,3918.2030473514674
rxn03910_reverse,10.4489,41368.92650000004,909.2824779971016
rxn03933_reverse,0.8982,42379.20130000007,76.2996918490768
rxn03958_reverse,3.5519,83715.26820000021,152.74202991802596
rxn04137_reverse,0.8157,27581.201999999997,106.46816625323292
rxn04792_reverse,44.2526,39582.14220000002,4024.7786285806415
rxn04954_reverse,10.2207,33440.82230000003,1100.2875368887078
rxn05005_reverse_num1,0.2675,51583.92450000006,18.668606728439183
rxn05006_reverse_num1,1.4189,51583.92450000006,99.02387322236396
rxn05457_reverse,9.6948,32747.272100000013,1065.7767124364532
rxn05458_reverse,9.5111,32747.27210000001,1045.5820532300152
rxn05459_reverse,9.347,32747.27210000002,1027.5420773139751
rxn06060_reverse_num1,23.6774,39392.670600000034,2163.8197842824075
rxn06077_reverse,44.118,20215.694599999984,7856.509664525706
rxn06297_reverse,4.9567,32291.772000000037,552.5903007118959
rxn06515_reverse,19.2043,28903.801200000024,2391.916534493738
rxn06517_reverse,1.3666,75194.6988000005,65.42695267767955
rxn06570_reverse,19.2043,28903.801200000024,2391.916534493738
rxn06804_reverse,19.2043,28903.801200000024,2391.916534493738
rxn06805_reverse,19.2043,28903.801200000024,2391.916534493738
rxn07261_reverse,24.029,38865.45770000002,2225.739901681383
rxn07292_reverse,10.2759,84625.52280000015,437.1404604191105
rxn07312_reverse,3.1869,67172.17640000001,170.7975029970891
rxn08521_reverse,6.2813,62886.27500000004,359.5805285016482
rxn09111_reverse,0.0461,19991.896100000005,8.30136367105269
rxn09112_reverse,0.0578,19991.896100000013,10.40821735763222
rxn09113_reverse,0.0442,19991.896100000005,7.959225038189347
rxn09345_reverse,0.1499,55429.149800000065,9.73567160865959
rxn10199_reverse_num1,0.2715,75291.49010000043,12.981546768457363
rxn10902_reverse,600,53858.728501282414,40104.92004
rxn11599_reverse_num1,574.6281,33426.82320000002,61886.26264669982
rxn11759_reverse,9.602,54737.560800000094,631.5078621479228
rxn12154_reverse,2.2482,32969.27730000004,245.4867277300007
rxn12510_reverse,15.9103,59413.65800000006,964.0389420223872
rxn12636_reverse_num1,8.7931,29848.996200000016,1060.510034839965
rxn27697_reverse,3.679,44113.94880000005,300.23156757166083
rxn30415_reverse_num1,1.7559,36291.88280000004,174.1777916245225
CYOR_Q10_reverse,7.0184,21238.7017,1189.632038572301
LIPOS_reverse,4.6429,35661.46010000008,468.69757865017885
rxn00505_reverse,25,46347.619895844255,1941.847288
rxn00011_num2,83.5135,83350.61050000023,3607.0353677853286
rxn00011_num3,486.0,18470.07459999999,94726.20105172727
rxn00011_num4,36.6068,88485.77969999997,1489.3294769713154
rxn00157_reverse_num2,29.9037,28380.438200000008,3793.222614864346
rxn00256_num2,5.7546,125021.64460000032,165.70378726244934
rxn00260_num3,6.4733,44113.94880000004,528.2655630230041
rxn00260_num5,222.3613,90569.9400000001,8838.480846956496
rxn00337_num2,0.8287,31709.234900000025,94.08363239946851
rxn00412_num2,11.033,182810.13520000005,217.26804127433297
rxn00470_num2,2.9234,90496.76000000014,116.29410820895669
rxn00474_num2,13.5783,290770.04799999995,168.11181322224775
rxn00493_num2,16.5699,40262.753000000055,1481.5588988661534
rxn00493_num3,16.5699,120945.72160000018,493.2100053715328
rxn00493_num4,16.5699,40262.753000000055,1481.5588988661534
rxn00500_num2,0.0558,36495.17930000007,5.504288617099618
rxn00527_num2,6.4733,44113.94880000004,528.2655630230041
rxn00527_num4,222.3613,90569.9400000001,8838.480846956496
rxn00527_num5,17.3331,43682.15320000008,1428.4817809759409
rxn00527_num6,16.5699,40262.753000000055,1481.5588988661534
rxn00527_num7,16.5699,40262.753000000055,1481.5588988661534
rxn00527_num8,16.5699,120945.72160000018,493.2100053715328
rxn00527_num9,16.5699,40262.753000000055,1481.5588988661534
rxn00543_num2,470,16920.0,100000
rxn00543_num3,470,16920.0,100000
rxn00547_num2,5.3474,32608.923400000007,590.348836846297
rxn00649_num2,15.1051,32918.5824,1651.9046701111893
rxn00650_num2,14.747,52535.66840000007,1010.536300704988
rxn00650_num3,9.6166,97500.04640000068,355.0742925595137
rxn00650_num4,29.0101,49762.21770000008,2098.707911886327
rxn00693_num2,24.1669,38203.10160000003,2277.323996122868
rxn00763_num2,64.4131,80289.55500000002,2888.1360719959143
rxn00763_num3,2.2796,36122.010000000024,227.19001517357404
rxn00776_num2,32.4358,135022.78170000014,864.8087273112362
rxn00790_num2,79.8541,72273.31580000011,3977.605798459845
rxn00912_num2,0.1528,317839.9630000004,1.730682305673435
rxn00912_num3,80.4413,56449.61570000016,5130.038112907811
rxn00931_reverse_num2,6,30094.541098023208,717.7381416
rxn00980_num2,2.8418,25689.355699999986,398.2380920514875
rxn01101_num2,2.225,56312.06600000009,142.24304965120595
rxn01137_num2,6.7997,37880.82990000003,646.2086513051811
rxn01225_num2,1.731,58348.04170000012,106.8004995273044
rxn01225_num3,0.0475,37880.82990000003,4.51415664470434
rxn01257_num2,0.9165,22955.9468,143.72746324712688
rxn01257_num3,1.1147,54660.2172000001,73.41573461585133
rxn01270_num2,1.3892,80682.96860000014,61.98482885271516
rxn01270_num4,43.1372,40262.753000000055,3857.011963389582
rxn01303_num2,33.1196,86263.86960000011,1382.1610432370385
rxn01362_num2,3534.0,54737.5608000001,232425.40979283053
rxn01368_num2,13.5128,62886.27500000004,773.5563920744228
rxn01465_num2,29.6206,48678.15230000005,2190.595882580364
rxn01486_num2,0.1325,32577.094600000008,14.64218973044944
rxn01530_num2,2.393,80289.55500000002,107.29664649405514
rxn01607_num2,7.3061,32608.92340000001,806.5878065756685
rxn01626_num2,1.3233,33426.82320000002,142.51668402637787
rxn01800_num2,10.6133,62886.27500000003,607.5710478955858
rxn01858_num2,3.0881,58348.04170000012,190.53184436179592
rxn01964_num2,15.6141,290770.048,193.3168852384686
rxn02056_num2,0.231,51583.92450000006,16.12130151128767
rxn02185_num2,46.2389,18470.07459999999,9012.41839055702
rxn02230_num2,3.51,72526.16140000008,174.22678597739747
rxn02320_num2,16.5699,40262.753000000055,1481.5588988661534
rxn02320_num3,16.5699,120945.72160000018,493.2100053715328
rxn02320_num4,16.5699,40262.753000000055,1481.5588988661534
rxn02339_num3,6.4733,44113.94880000004,528.2655630230041
rxn02339_num5,222.3613,90569.9400000001,8838.480846956496
rxn02405_num2,46.3127,22120.232099999976,7537.250027317759
rxn02475_num2,4.7053,47476.721400000046,356.78706322800093
rxn02819_num2,0.087,317839.96300000034,0.9854015745653724
rxn02938_num2,1.0309,18899.438399999985,196.36773968902708
rxn02962_num2,0.0439,30948.072900000043,5.106618447961578
rxn03147_num2,3.1781,38452.43100000005,297.5406158325851
rxn03194_num2,145.639,18470.074599999993,28386.47982504631
rxn03194_num3,145.639,18470.074599999993,28386.47982504631
rxn03333_num2,1.4882,36122.01000000003,148.31732785634009
rxn03333_num3,1.3001,80289.55500000002,58.29351028287551
rxn03907_num2,26.2187,41368.926500000045,2281.599451220952
rxn03909_num2,4.7986,141025.57180000047,122.49523103865864
rxn04453_num2,0.935,43147.247800000085,78.01192826023062
rxn05005_num2,1.6583,30948.072900000043,192.8998945843892
rxn05006_num2,1.6583,30948.072900000043,192.8998945843892
rxn05733_num2,15.1051,32918.5824,1651.9046701111893
rxn06060_num2,9.1548,38073.941800000044,865.6125014090336
rxn06060_num3,34.4273,44167.87420000007,2806.073016753879
rxn06874_num2,20.2297,113761.41340000024,640.172425987104
rxn06874_num3,2.3129,64102.43360000007,129.89272844081214
rxn06937_num2,6.0537,50634.08350000013,430.4081064289421
rxn08103_num2,2.872,91625.53780000017,112.84190246793816
rxn09310_num2,7.7504,152672.8074,182.75317311024963
rxn09310_num3,7.7504,146578.87499999997,190.3510311427892
rxn10199_num2,13.6379,95517.00090000042,514.007344633868
rxn10770_reverse_num2,259.5192,80289.55500000002,11636.247330054322
rxn10770_reverse_num3,15.9349,36122.010000000024,1588.1076385284198
rxn12641_num2,14.7797,52535.66840000006,1012.777064048926
rxn12641_num3,9.7141,97500.04640000068,358.6742908462837
rxn12641_num4,24.3984,49762.21770000009,1765.078890364644
rxn30415_num2,0.1139,29023.648300000008,14.127789716911636
rxn36708_num2,0.0778,36495.17930000007,7.674438251081547
rxn00929_reverse_num2,27,30094.54109988675,3229.821637
rxn00055_reverse_num2,8.334,32918.5824,911.4122727228984
rxn00260_reverse_num3,17.9799,44113.94880000004,1467.282838211934
rxn00260_reverse_num5,649.6691,90569.94000000012,25823.23406640213
rxn00314_reverse_num2,23.654,30094.54109999999,2829.563000048538
rxn00337_reverse_num2,1.0445,31709.23490000002,118.58375050228656
rxn00493_reverse_num2,25.4858,40262.753000000055,2278.753268560644
rxn00493_reverse_num3,25.4858,120945.7216000002,758.5954987596672
rxn00493_reverse_num4,25.4858,40262.753000000055,2278.753268560644
rxn00500_reverse_num2,0.2619,36495.17930000007,25.83464496090305
rxn00527_reverse_num2,3.1238,44113.94880000004,254.92344951898727
rxn00527_reverse_num4,108.4774,90569.94000000012,4311.790865711068
rxn00527_reverse_num5,16.274,43682.15320000007,1341.197622098901
rxn00527_reverse_num6,13.5163,40262.753000000055,1208.528388508355
rxn00527_reverse_num7,13.5163,40262.753000000055,1208.528388508355
rxn00527_reverse_num8,13.5163,120945.7216000002,402.31832392490287
rxn00527_reverse_num9,13.5163,40262.753000000055,1208.528388508355
rxn00543_reverse_num2,470,16920.0,100000
rxn00543_reverse_num3,470,16920.0,100000
rxn00547_reverse_num2,5.5877,32608.92340000001,616.8777715611425
rxn00693_reverse_num2,30.2215,38203.10160000004,2847.8682474304624
rxn00763_reverse_num2,57.9401,80289.55500000002,2597.901557680821
rxn00763_reverse_num3,4.5087,36122.01000000002,449.3470878281688
rxn00912_reverse_num2,0.3856,317839.96300000034,4.367481001751811
rxn00912_reverse_num3,16.8653,56449.61570000017,1075.5623266359955
rxn01101_reverse_num2,4.6934,56312.06600000011,300.046529992346
rxn01257_reverse_num2,1.5288,22955.946800000005,239.74964082073924
rxn01257_reverse_num3,1.4975,54660.2172000001,98.62748953730814
rxn01270_reverse_num2,1.5084,80682.96860000014,67.30342343898326
rxn01270_reverse_num4,6.5482,40262.75300000006,585.4920054771209
rxn01465_reverse_num2,23.3987,48678.15230000007,1730.454341834168
rxn01530_reverse_num2,20.603,80289.55500000002,923.7913947835428
rxn01607_reverse_num2,7.6042,32608.92340000001,839.4978167233817
rxn01682_reverse_num2,64.0999,290770.048,793.61557900214
rxn02185_reverse_num2,83.5135,18470.074599999993,16277.606155418567
rxn02230_reverse_num2,1.9526,72526.16140000008,96.9217157548337
rxn02320_reverse_num2,5.5092,40262.753000000055,492.5922477283154
rxn02320_reverse_num3,5.5092,120945.7216000002,163.9836427252336
rxn02320_reverse_num4,5.5092,40262.753000000055,492.5922477283154
rxn02339_reverse_num3,3.0429,44113.94880000004,248.32145609236392
rxn02339_reverse_num5,71.3083,90569.9400000001,2834.382798531165
rxn02789_reverse_num2,37.9802,51812.279500000135,2638.9250061850616
rxn02789_reverse_num3,37.9802,73148.28960000013,1869.1991398251332
rxn02811_reverse_num2,37.9802,51812.279500000135,2638.9250061850616
rxn02811_reverse_num3,37.9802,73148.28960000013,1869.1991398251332
rxn02819_reverse_num2,0.0778,317839.96300000034,0.8811981896688041
rxn02962_reverse_num2,0.1507,30948.072900000043,17.530009114073117
rxn03194_reverse_num2,46.2389,18470.07459999999,9012.41839055702
rxn03194_reverse_num3,46.2389,18470.07459999999,9012.41839055702
rxn03333_reverse_num2,1.4882,36122.01000000003,148.31732785634009
rxn03333_reverse_num3,15.4378,80289.55500000004,692.1956411391242
rxn05005_reverse_num2,0.7298,30948.072900000043,84.89316955176218
rxn05006_reverse_num2,3.3592,30948.07290000005,390.7551865693059
rxn06060_reverse_num2,13.7026,38073.941800000044,1295.6199875264804
rxn06060_reverse_num3,69.0958,44167.87420000008,5631.805571480268
rxn10199_reverse_num2,1.7758,95517.00090000042,66.92923709668078
rxn12636_reverse_num2,6.8877,52535.66840000006,471.9787670960701
rxn12636_reverse_num3,3.1728,97500.04640000069,117.1494827103992
rxn12636_reverse_num4,14.6566,49762.21770000009,1060.3176956078448
rxn30415_reverse_num2,1.7638,29023.6483,218.77607991825064
