,kcat,MW,kcat_MW
rxn00001_num1,1326.3440904558042,117222.42359999998,40733.15138009905
rxn00006,1326.3440904558042,54598.68180000005,87453.37008559227
rxn00011_num1,10.620615384615384,243699.3444000004,156.89092426058787
rxn00014,1326.3440904558042,53252.7195000001,89663.75371009711
rxn00029,254.4625,290770.04799999995,3150.4792405578173
rxn00048,0.5868883333333333,21839.53850000001,96.74187941288224
rxn00060,0.25,33550.18180000004,26.825488021647587
rxn00063,1326.3440904558042,30916.417500000003,154443.4676378948
rxn00077,27.364166666666662,29047.29410000001,3391.400233731236
rxn00085,23.6,220859.5487000002,384.6788626531316
rxn00086,233.7,48833.95960000009,17228.174960442866
rxn00097_num1,1326.3440904558042,24528.2085,194667.2430496053
rxn00100,4.969783333333333,22082.6008,810.1953280792907
rxn00102,1326.3440904558042,23323.939700000017,204718.36178005947
rxn00105,6.998489143478261,24672.472,1021.160786666279
rxn00113,1326.3440904558042,239172.96320000035,19963.956886080374
rxn00119,1326.3440904558042,157889.95380000002,30241.56135791392
rxn00122,0.44314833,34272.878300000004,46.54800142653907
rxn00124,0.944,36737.325000000055,92.50537430256544
rxn00126,1.419775782352941,170746.18040000004,29.93444892586649
rxn00134,6.697435884615384,22082.6008,1091.8446338356753
rxn00137,7.3,29835.51470000001,880.8294498770617
rxn00138,0.3166666666666666,61597.68400000014,18.5071893287416
rxn00141_num1,634.4785185185185,50846.85770000005,44921.609121711066
rxn00148,2105.341832829977,51444.54920000013,147328.156550119
rxn00154,38.03814285714286,182151.53350000025,751.7768950636593
rxn00157_num1,7.9825,172172.13080000092,166.90854592129986
rxn00159,1326.3440904558042,61864.252100000165,77182.51758580432
rxn00165,196.14306666666667,48762.07610000005,14480.823961471962
rxn00168,100000.0,3600000.0,100000.0
rxn00179,12.25,42508.11390000007,1037.448993943717
rxn00187,166.8,626056.0272000002,959.1473828398592
rxn00189,1326.3440904558042,54660.2172000001,87354.91679752941
rxn00190,0.9634333333333334,61597.68400000016,56.30666243880194
rxn00192_num1,2.1999998,86263.86960000011,91.81131471060267
rxn00193_num1,4810.05844,30201.82140000001,573349.8703492099
rxn00194,18.893937500025,43423.76160000006,1566.381457844267
rxn00198,25.0,46347.619895844255,1941.847288
rxn00199,1326.3440904558042,46347.61990000009,103022.30699101952
rxn00202,2.141833333333333,41256.77070000003,186.89296009297192
rxn00206,1326.3440904558042,23081.907900000017,206864.99341074363
rxn00208,6.6612,44970.61039999999,533.2442630131612
rxn00209,0.2582,44970.61039999999,20.669499295922392
rxn00211,12.34529411764706,47349.797800000015,938.6113750950252
rxn00213,1326.3440904558042,31704.21310000001,150605.81098733822
rxn00216,126.37687235294118,34896.61570000001,13037.273997621154
rxn00224,1326.3440904558042,37425.69200000003,127581.84205761355
rxn00231,675.0556153846154,31723.728300000017,76605.12637112121
rxn00237,1326.3440904558042,24528.2085,194667.2430496053
rxn00239,334.64,24759.877100000023,48655.4919127607
rxn00242,2.6358333333333333,81185.13000000041,116.88101010616047
rxn00251,1326.3440904558042,394993.2188000028,12088.406834291864
rxn00256_num1,1326.3440904558042,47544.51330000006,100428.80648524567
rxn00260_num1,1326.3440904558042,43682.15320000007,109308.68503159974
rxn00262,1326.3440904558042,58279.85190000007,81929.49312626667
rxn00279,148.98333333333332,59369.93370000017,9033.865570916048
rxn00283_num1,80.60428571428571,38115.20910000006,7613.113909728704
rxn00285,1326.3440904558042,144420.33039999998,33062.095290988866
rxn00293,1326.3440904558042,147307.12080000006,32414.17454709285
rxn00299,7.2103725,228130.41900000008,113.78290152528932
rxn00300_num1,80.54612222222222,39794.27439999997,7286.627143526965
rxn00301,1326.3440904558042,30916.417500000003,154443.4676378948
rxn00302,1326.3440904558042,228130.41900000008,20930.3027039147
rxn00303,11.717058823529412,81185.13000000041,519.5706623208667
rxn00305,41.05969684848485,45362.37480000003,3258.535500097878
rxn00313,18.235,90496.76000000014,725.396135729057
rxn00322,18.33833333333333,43423.76160000005,1520.319695196556
rxn00328,9.8,64515.39029999996,546.8462615810917
rxn00337_num1,20.913636363636364,45450.450400000045,1656.509236904962
rxn00338,1.99145,58279.85190000008,123.0136962650722
rxn00342,1326.3440904558042,38700.15190000002,123380.36134790708
rxn00346,2.744285714285714,43423.76160000006,227.5120396623713
rxn00351,27.574,34927.6294,2842.059472836711
rxn00361,43.2254,23370.295100000003,6658.514123769022
rxn00364,1326.3440904558042,22854.669100000003,208921.80520088537
rxn00367,1326.3440904558042,30916.417500000003,154443.4676378948
rxn00379_num1,5.853066666666667,35394.938600000045,595.3122348402653
rxn00392,3.629090909090909,34272.878300000004,381.1972591962686
rxn00394,328.00141666666667,32116.40870000001,36766.41155709291
rxn00405,1326.3440904558042,43423.76160000006,109959.12260260954
rxn00407,257.71,61818.72119999996,15007.686700578342
rxn00409,1326.3440904558042,24528.2085,194667.2430496053
rxn00410_num1,1326.3440904558042,239172.96320000035,19963.956886080374
rxn00412_num1,31.38501951219512,239172.96320000035,472.4031877692699
rxn00414,400.8592307692308,320670.4962000018,4500.236996761858
rxn00420_num1,1326.3440904558042,32079.37950000004,148844.48515099517
rxn00423,1759.7744615384615,28211.80969999999,224558.01768500032
rxn00427,175210.24324324325,54598.68180000004,11552602.643158965
rxn00438,0.063,34612.114,6.552619120577264
rxn00459,230.0,365936.55680000014,2262.687300882424
rxn00461,3.2818181818181817,44754.36840000006,263.9864191345719
rxn00463,1326.3440904558042,30916.417500000003,154443.4676378948
rxn00470_num1,61.04074074074074,43423.76160000006,5060.51660588212
rxn00474_num1,0.7301866666666667,292663.0664000001,8.981905480369829
rxn00484,4.22,394993.2188000028,38.46141978374615
rxn00493_num1,1326.3440904558042,40262.753000000055,118591.95832040816
rxn00497,4.609259259259259,394993.2188000028,42.00916001480787
rxn00500_num1,120.0,432000.0,1000.0
rxn00507,7.86,49622.11210000003,570.2296577577556
rxn00508,1326.3440904558042,49622.11210000002,96224.0123116584
rxn00514,1326.3440904558042,45873.16719999998,104087.83646490616
rxn00519,41.05969684848485,45362.37480000003,3258.535500097878
rxn00529,56.773136882352944,394993.2188000028,517.4349407754166
rxn00532,21.1025,74254.42880000005,1023.090490731779
rxn00539,128.84427272727274,48582.25190000007,9547.506829714932
rxn00541,2.7933189166666668,146340.88480000017,68.71591704357378
rxn00543_num1,470.0,16920.0,100000.0
rxn00544,121.75,243699.34440000044,1798.527612288477
rxn00549,1326.3440904558042,35303.749400000044,135250.18749540776
rxn00555,1326.3440904558042,131973.9630000004,36180.15718479925
rxn00558,1326.3440904558042,55398.35020000013,86190.99139961181
rxn00559,1326.3440904558042,52267.076400000034,91354.61660604556
rxn00566,7.2249,75194.69880000048,345.8972562571104
rxn00599,6.545,88456.11400000018,266.3693772484732
rxn00604,305.0,53858.72849335683,20386.66769
rxn00611,1326.3440904558042,36309.6774,131503.1988039887
rxn00612,1326.3440904558042,36309.6774,131503.1988039887
rxn00623,307.99642857142857,263290.23500000086,4211.273322981915
rxn00633,200.0,188758.24001288487,3814.403016
rxn00646,1930.24375,105087.84620000016,66124.46397250447
rxn00650_num1,6656.26,29848.99620000002,802792.0215286833
rxn00678,999.0,34649.92220000005,103792.44083843844
rxn00686,1326.3440904558042,16114.20109999999,296312.4697283875
rxn00690,1326.3440904558042,59285.44550000012,80539.81353047074
rxn00692,1326.3440904558042,91625.53780000017,52112.53150910168
rxn00693_num1,1326.3440904558042,97254.07320000068,49096.54237125425
rxn00700,1326.3440904558042,29083.167800000017,164178.7702934098
rxn00704_num1,1326.3440904558042,49902.84350000009,95682.698434627
rxn00707,1326.3440904558042,22854.669100000003,208921.80520088537
rxn00710,68.93421052631578,25302.85239999999,9807.714718153156
rxn00721,1326.3440904558042,104392.0030000008,45739.50674785748
rxn00726,1326.3440904558042,135994.11180000028,35110.62841208163
rxn00727,9.5843125,135994.11180000028,253.7133743756686
rxn00735,1326.3440904558042,75455.17200000004,63280.46970247305
rxn00737,190.85,44604.60820000002,15403.341218004458
rxn00743,1326.3440904558042,63010.68880000017,75778.23408337162
rxn00747,11085.09090909091,52533.4964,759635.8515502743
rxn00770,35.6875,201656.15640000012,637.099319423505
rxn00775,1326.3440904558042,20264.6715,235623.79116981465
rxn00776_num1,0.0077766666666666,87411.2809999993,0.3202790266853541
rxn00777,5952.1812,16960.20669999998,1263419.2907566407
rxn00780,4.59,39727.32829999999,415.9353449398712
rxn00781,1326.3440904558042,144406.75440000033,33065.203532064734
rxn00783,13.522666666666666,16264.286199999977,2993.15933090258
rxn00785,1326.3440904558042,72109.32370000033,66216.66215461778
rxn00786,1326.3440904558042,32790.98150000001,145614.38868918558
rxn00789_num1,1.0455714285714286,24535.316500000008,153.4138409364779
rxn00791,0.8697687096774194,72273.31580000011,43.323975386759614
rxn00792,1326.3440904558042,29752.94580000001,160482.8899207988
rxn00798,1326.3440904558042,23204.38899999999,205773.0856710296
rxn00799,1326.3440904558042,110293.18860000013,43292.23577856457
rxn00800,123.31,48582.25190000007,9137.410939981548
rxn00802,230.47744444444444,51078.65420000011,16243.944030929424
rxn00806,1326.3440904558042,40494.70509999999,117912.66818339904
rxn00816,1326.3440904558042,114487.77330000087,41706.10177847574
rxn00832,3.5075,56449.61570000016,223.6861995147288
rxn00834,2.0545214285714284,206514.26040000044,35.81484943718262
rxn00838,2.160615384615385,93533.55220000002,83.15962776633842
rxn00851,13.653702076923077,35214.16500000002,1395.8396422838096
rxn00853,3.3,31723.728300000017,374.48309630113664
rxn00859,5.091545454545455,46338.19270000007,395.5606071007515
rxn00861,1326.3440904558042,88456.11400000016,53979.74780624984
rxn00863,1326.3440904558042,46338.19270000006,103043.26620060192
rxn00866,28.361402,394993.2188000028,258.4881014164876
rxn00881_num1,1326.3440904558042,29975.566499999983,159291.02543035834
rxn00882_num1,1326.3440904558042,29975.566499999983,159291.02543035834
rxn00898,1326.3440904558042,131356.02980000043,36350.35812905544
rxn00902,3.2171333333333334,250043.2892000006,46.31869960219661
rxn00903,180.02882352941177,40494.70509999999,16004.654512371855
rxn00907,1326.3440904558042,62886.27500000004,75928.15325189625
rxn00912_num1,1326.3440904558042,292311.1560000001,16334.781029160904
rxn00917,88.30191666666667,115673.08500000012,2748.1492345431925
rxn00921,36.65,26959.1633,4894.068800718307
rxn00927,0.06,50846.85770000005,4.248050120902551
rxn00931_num1,6.0,29412.488099298807,734.3819376
rxn00952,95.80666666666669,176724.78040000013,1951.644807362849
rxn00966,0.8674,11764.258699999997,265.43448929765555
rxn00974,1326.3440904558042,81995.42230000041,58232.99144885154
rxn01000,547.0506214285714,36222.80430000005,54368.57458169948
rxn01018,103.268333,34649.92220000005,10729.201544931591
rxn01019,1326.3440904558042,34017.59110000002,140363.81093548072
rxn01029,9.313466,35748.83910000005,937.8899691318916
rxn01066,1326.3440904558042,76904.42520000001,62087.95804953099
rxn01069,274.2119310886667,50403.68980000014,19585.13267255282
rxn01100,999.0,41387.170397677,86896.4939
rxn01102,275.0,39727.32829999998,24919.873607508627
rxn01106,1326.3440904558042,51876.05020000005,92043.22046941212
rxn01116,1332.4597777777778,23754.1211,201937.81027747647
rxn01117,118.03846153846152,36189.57840000004,11742.011936189368
rxn01137_num1,26.687083333333334,58348.04170000012,1646.5591166532638
rxn01143,0.86,88377.00120000006,35.031738551454694
rxn01157,21.635,36222.80430000005,2150.1924410639817
rxn01171,5303.6875,41889.177100000044,455804.4898905398
rxn01200,64521.705882352944,72109.32370000033,3221194.2819326366
rxn01208,1326.3440904558042,75455.17200000004,63280.46970247305
rxn01210,1326.3440904558042,48082.21290000009,99305.71905189675
rxn01213,0.5995714285714286,32291.77200000004,66.84232574344762
rxn01216,5.4129625,49902.84350000009,390.4920768693264
rxn01219,1326.3440904558042,22854.669100000003,208921.80520088537
rxn01222,1326.3440904558042,30916.417500000003,154443.4676378948
rxn01225_num1,59.83166666666666,47476.72140000004,4536.833918780243
rxn01231,2.841,43423.761600000056,235.53003293938465
rxn01241,1326.3440904558042,99490.77700000018,47992.77751786868
rxn01255,0.43915,153327.29920000012,10.310884025536913
rxn01256,133417.39785714285,11764.258699999997,40827275.60944528
rxn01257_num1,0.4962830909090909,22648.8802,78.88333160386127
rxn01268,36.52944444444445,64100.91360000009,2051.546422889047
rxn01269,16.368000000000002,64100.91360000007,919.2505487160474
rxn01274,454.7897614285714,26826.31760000001,61031.22931575434
rxn01275,9.4,18812.102599999995,1798.8419859032667
rxn01292,394.20166666666665,52267.07640000004,27151.43256032585
rxn01300,11.78181818181818,36737.32500000005,1154.5354882138367
rxn01301,1326.3440904558042,45534.64430000006,104861.66739729838
rxn01302,1326.3440904558042,45534.64430000006,104861.66739729838
rxn01303_num1,14.218,82368.24980000014,621.4141993338787
rxn01329,24.803846153846155,49902.84350000008,1789.353870262844
rxn01331,49.95111111111111,144406.75440000033,1245.260311729571
rxn01332,40.28017647058824,48916.33280000005,2964.4216357551136
rxn01334,3.3116666466666667,32790.98150000001,363.5755742169534
rxn01351,1326.3440904558042,30916.417500000003,154443.4676378948
rxn01362_num1,262.62268,41559.8156,22748.93750972273
rxn01368_num1,4.383333333333333,17168.173699999992,919.1426109580896
rxn01388,1326.3440904558042,81995.42230000041,58232.99144885154
rxn01396,9.890214285714286,36737.32500000006,969.17158308536
rxn01454,1.2808499999999998,41256.77070000004,111.76492783522669
rxn01465_num1,64.35333333333334,43147.247800000085,5369.334356477763
rxn01466,7.893761928571428,32291.77200000004,880.0242657125509
rxn01476,14.3,25530.8671,2016.382749491497
rxn01479,1.2625,24672.472,184.21340188368643
rxn01484,172.31168181818182,41124.60740000007,15083.962954633666
rxn01485,1.5664,47894.21650000005,117.7394769575152
rxn01486_num1,0.8202,32291.77200000004,91.43877270036457
rxn01499,4.609259259259259,394993.2188000028,42.00916001480787
rxn01512,186.27745833333333,24528.2085,27339.903360655146
rxn01513,1326.3440904558042,23784.695800000005,200752.56651551937
rxn01518,2.3655,88377.00120000007,96.3576483063559
rxn01519_num1,1326.3440904558042,15679.81129999998,304521.4406145883
rxn01520,1326.3440904558042,67172.17640000001,71083.57926662167
rxn01521_num1,1326.3440904558042,27724.900100000017,172222.03536960235
rxn01530_num1,0.11026666,36122.01000000002,10.98942102059104
rxn01547,1.182,28300.41099999997,150.35824038032536
rxn01575,221.93142857142857,40494.70509999999,19729.81753748203
rxn01600,4.8766,58279.85190000007,301.2320626710443
rxn01602,1326.3440904558042,16114.20109999999,296312.4697283875
rxn01603,0.4166667,48082.21290000009,31.1965699898142
rxn01635,1.19,35145.1102,121.89462419156106
rxn01637,1.185,85719.85719999994,49.76676512708893
rxn01639,200.0,56449.61570000016,12754.736964489166
rxn01641,111.00782222222222,32482.2291,12302.978307606358
rxn01643,220.9782608695652,74254.42880000004,10713.458469569889
rxn01644_num1,59.79166666666666,123996.19040000002,1735.9404293440286
rxn01653,1326.3440904558042,24041.20529999999,198610.62147499307
rxn01671,0.862,34272.878300000004,90.5438980886528
rxn01672,257.71,61818.72119999996,15007.686700578342
rxn01673,186.27745833333333,24528.2085,27339.903360655146
rxn01682_num1,2.8,292663.0664000001,34.44233713530173
rxn01739,65.87383333333334,19608.352299999988,12094.121748312333
rxn01740,1326.3440904558042,63115.71340000005,75652.13903834115
rxn01790,16.84285714285714,36574.42530000002,1657.8329041929107
rxn01791_num1,2.558235294117647,64518.29260000007,142.74474242400393
rxn01800_num1,4.383333333333333,17168.173699999992,919.1426109580896
rxn01807,9.85292857142857,36737.32500000006,965.5178447843656
rxn01834_num1,144.98947368421054,15870.651199999991,32888.512177947574
rxn01843,1326.3440904558042,31723.72830000002,150513.16416806192
rxn01851,4.344722222222222,74254.42880000005,210.6406345421916
rxn01858_num1,29.69126668,37880.829900000026,2821.7058689096966
rxn01871,2.4,93665.75380000024,92.2428918732513
rxn01917,63.46666666666667,31709.23490000002,7205.4718671247365
rxn01948,1326.3440904558042,394993.2188000028,12088.406834291864
rxn01962,224.72636363636363,45873.16719999997,17635.906968527554
rxn01964_num1,42.61884615384616,292663.0664000001,524.2473812672596
rxn01973,187.1944428571429,80038.10180000013,8419.739838029407
rxn01974,71.69108333333334,58594.376400000045,4404.653071792054
rxn02008,3.6616668,47475.7433000001,277.6575902498818
rxn02009,8.404714285714286,24041.20529999999,1258.5463603429002
rxn02011,3.7085714285714286,51755.77200000003,257.9588058865615
rxn02107,90.43333333333334,74254.42880000005,4384.384948632179
rxn02155,14.790166666666666,24672.471999999994,2158.056963242273
rxn02159,1326.3440904558042,46338.19270000006,103043.26620060192
rxn02166,36.22,63010.68880000016,2069.3631903290616
rxn02175,10.478768555555556,120227.65199999996,313.767807758568
rxn02181,96.0,65391.18330000021,5285.116166417482
rxn02182,173.66666666666666,51078.65420000011,12239.946603761511
rxn02185_num1,1326.3440904558042,101820.6851000002,46894.584542928846
rxn02186,1326.3440904558042,36574.42530000002,130551.2987962354
rxn02190_num1,16.748426470588235,33426.82320000002,1803.7710294323635
rxn02199,352.825,82368.24980000014,15420.626310309168
rxn02201,77.02221538461538,40155.666000000034,6905.127046943142
rxn02212,1476.1764705882354,41032.609400000045,129512.48706395068
rxn02213,56.49444444444445,189899.57519999985,1070.9871245673023
rxn02222,120.07332142857145,31723.72830000002,13625.8876338585
rxn02229,1326.3440904558042,72526.16140000008,65836.08774365507
rxn02230_num1,354.759,32514.70320000005,39278.6116528352
rxn02264,286.086,27127.10900000001,37966.06560618013
rxn02275,120.07332142857145,31723.72830000002,13625.8876338585
rxn02277,17.365760416875,106439.66320000013,587.3443754071361
rxn02283,1326.3440904558042,32482.2291,146998.49295875125
rxn02285,30.20769230769231,33904.40079999999,3207.48014245078
rxn02286,50.98285714285714,51022.52040000014,3597.2014764344176
rxn02288,333.147,76573.2478,15662.50922427245
rxn02297_num1,0.0815833,43703.78640000003,6.720238775466827
rxn02303,0.73460404,65290.7308,40.50459401505122
rxn02305_num1,999.0,25613.5957,140409.80587508844
rxn02312,0.2280303,93857.84400000016,8.746302333558807
rxn02320_num1,268.1982023812143,40262.753000000055,23980.315716920057
rxn02331,6.394851851851852,31253.560299999983,736.6030124467668
rxn02339_num1,1326.3440904558042,43682.15320000007,109308.68503159974
rxn02341,1.86666665,90724.74960000004,74.07019550484375
rxn02342,1326.3440904558042,88485.77969999998,53961.65058192843
rxn02362,1326.3440904558042,41368.926500000045,115420.8999269268
rxn02391,1326.3440904558042,47894.21650000005,99695.51805155618
rxn02402,400.852,34940.58180000004,41300.605933241735
rxn02405_num1,3.7691,29083.167800000017,466.5502772363055
rxn02409,1326.3440904558042,114487.77330000087,41706.10177847574
rxn02418_num1,1326.3440904558042,32079.37950000004,148844.48515099517
rxn02473,1000.0,21675.3102,166087.5884489072
rxn02474,0.2166666666666666,35145.1102,22.193699082497112
rxn02475_num1,6.166667,35145.1102,631.666854184455
rxn02476,18.7400089,47787.90410000005,1411.738667149454
rxn02503,499.585,20865.331200000004,86195.8999241766
rxn02504,0.3452666666666666,16264.286199999971,76.42265911429926
rxn02507,3.6534375,29340.2457,448.2707859532342
rxn02508,103.71428571428572,23204.388999999992,16090.552031834526
rxn02518,224.72636363636363,45873.16719999997,17635.906968527554
rxn02548,0.0985,47879.176000000014,7.406142495017038
rxn02687,29.665,74254.42880000005,1438.2172447604894
rxn02789_num1,1326.3440904558042,21336.010100000003,223792.4852520057
rxn02791,1326.3440904558042,118889.05540000032,40162.13863905324
rxn02792,1326.3440904558042,118889.05540000032,40162.13863905324
rxn02795_num1,1326.3440904558042,38084.72790000004,125374.10633937836
rxn02811_num1,1326.3440904558042,21336.010100000003,223792.4852520057
rxn02835,4.2175,39999.35139999996,379.5811549084272
rxn02895,203.34,44043.5736,16620.4497084678
rxn02914,1.0216666666666667,41924.49620000008,87.72914008206958
rxn02938_num1,49.5,79530.28880000002,2240.6557638452828
rxn02961,1326.3440904558042,24672.472,193528.99562074264
rxn02962_num1,1326.3440904558042,51583.92450000007,92564.47181797672
rxn03004,1326.3440904558042,22899.95740000001,208508.62917504343
rxn03031,28.96222,87083.72879999994,1197.2844231263564
rxn03052,1326.3440904558042,84927.94840000043,56222.23090980578
rxn03062,1326.3440904558042,75455.17200000004,63280.46970247305
rxn03063,0.00895967,67172.17640000003,0.4801811364265992
rxn03068,1326.3440904558042,36574.42530000002,130551.2987962354
rxn03080,0.0465222222222222,14860.988899999984,11.269774920564007
rxn03084,499.525,118787.0669000004,15138.769286338813
rxn03108,0.05434,29637.523000000016,6.600551604801788
rxn03114,1326.3440904558042,38950.83580000009,122586.2969965046
rxn03135,2.7505335714285715,49672.04289999999,199.34595557258345
rxn03136,123.31,48582.25190000007,9137.410939981548
rxn03137,1326.3440904558042,56449.61570000016,84585.84999084203
rxn03164,508.5,49304.7747000001,37128.24997454042
rxn03167,1326.3440904558042,63010.68880000017,75778.23408337162
rxn03174,1326.3440904558042,228130.41900000008,20930.3027039147
rxn03175,7.91625,26146.31449999999,1089.96241133717
rxn03185,1326.3440904558042,32291.77200000004,147865.49111150944
rxn03194_num1,1326.3440904558042,64880.53590000024,73594.31699208387
rxn03273,163.96826086956523,114487.77330000087,5155.884529116179
rxn03282_num1,1326.3440904558042,36122.01000000002,132186.4072802397
rxn03360,1326.3440904558042,394993.2188000028,12088.406834291864
rxn03366,1326.3440904558042,74254.42880000005,64303.7567294692
rxn03384,333.147,76573.2478,15662.50922427245
rxn03406,1326.3440904558042,626056.0272000002,7626.855294399269
rxn03407,1326.3440904558042,626056.0272000002,7626.855294399269
rxn03408,1326.3440904558042,42379.20130000006,112669.38920910924
rxn03409,1326.3440904558042,626056.0272000002,7626.855294399269
rxn03419,1326.3440904558042,228130.41900000008,20930.3027039147
rxn03421,1326.3440904558042,228130.41900000008,20930.3027039147
rxn03435,1326.3440904558042,36574.42530000002,130551.2987962354
rxn03437,14.895461538461538,131356.02980000043,408.2314425923777
rxn03445,1326.3440904558042,41924.49620000008,113891.37994318668
rxn03446,1326.3440904558042,50403.68980000015,94731.92824944496
rxn03462,1326.3440904558042,114487.77330000087,41706.10177847574
rxn03463,1326.3440904558042,32291.77200000004,147865.49111150944
rxn03618,1326.3440904558042,74254.42880000005,64303.7567294692
rxn03638,741.4454545454546,147307.12080000006,18119.990546741006
rxn03839,120.07332142857145,31723.72830000002,13625.8876338585
rxn03842,761.0,35748.83910000004,76634.65636846363
rxn03848,1326.3440904558042,20423.364800000018,233792.9509852799
rxn03849,7.95,20423.36480000001,1401.3361794330765
rxn03869,1326.3440904558042,31723.72830000002,150513.16416806192
rxn03884,999.0,64515.39029999996,55744.83829790924
rxn03891,1326.3440904558042,32291.77200000004,147865.49111150944
rxn03892,1326.3440904558042,32291.77200000004,147865.49111150944
rxn03901,1326.3440904558042,29095.26400000003,164110.51384998226
rxn03903,1326.3440904558042,38865.45770000003,122855.58972436575
rxn03904,204.052,38865.45770000001,18900.773166502546
rxn03909_num1,5.983333333333333,140613.06580000054,153.18633355620867
rxn03910,2.333333333333333,41368.92650000002,203.0509541986784
rxn03915,39.66666666666666,74254.42880000004,1923.1176147704728
rxn03921,1326.3440904558042,74254.42880000005,64303.7567294692
rxn03933,1326.3440904558042,42379.20130000006,112669.38920910924
rxn03951,1326.3440904558042,70904.44820000007,67341.87835680654
rxn03958,1244.9155,83715.26820000021,53534.98706225239
rxn04113,2.64,36503.79030000005,260.35652522362824
rxn04137,1326.3440904558042,27581.202,173119.31240853446
rxn04270,1326.3440904558042,74254.42880000005,64303.7567294692
rxn04271,1326.3440904558042,74254.42880000005,64303.7567294692
rxn04453_num1,36.37083333333333,48678.15230000007,2689.8103936455245
rxn04658,0.81775,74254.42880000005,39.64612007088792
rxn04674,1326.3440904558042,27406.10640000001,174225.35897477553
rxn04704_num1,225.02,51224.8104000001,15814.055604586454
rxn04723,1326.3440904558042,74254.42880000005,64303.7567294692
rxn04726_num1,1326.3440904558042,160579.11000000004,29735.11763541904
rxn04727,1326.3440904558042,74254.42880000005,64303.7567294692
rxn04737,1326.3440904558042,74254.42880000005,64303.7567294692
rxn04744,1326.3440904558042,74254.42880000005,64303.7567294692
rxn04757,1326.3440904558042,51876.05020000005,92043.22046941212
rxn04760,1326.3440904558042,51876.05020000005,92043.22046941212
rxn04792,1326.3440904558042,39582.14220000002,120631.13465447792
rxn04809,1326.3440904558042,32969.27730000003,144826.9151365623
rxn04810,1326.3440904558042,32969.27730000003,144826.9151365623
rxn04811,1326.3440904558042,32969.27730000003,144826.9151365623
rxn04830,1326.3440904558042,32969.27730000003,144826.9151365623
rxn04831,1326.3440904558042,32969.27730000003,144826.9151365623
rxn04832,1326.3440904558042,32969.27730000003,144826.9151365623
rxn04833,1326.3440904558042,32969.27730000003,144826.9151365623
rxn04872,1326.3440904558042,32969.27730000003,144826.9151365623
rxn04873,1326.3440904558042,32969.27730000003,144826.9151365623
rxn04886,1326.3440904558042,32969.27730000003,144826.9151365623
rxn04887,1326.3440904558042,32969.27730000003,144826.9151365623
rxn04894,1326.3440904558042,32969.27730000003,144826.9151365623
rxn04895,1326.3440904558042,32969.27730000003,144826.9151365623
rxn04896,1326.3440904558042,32969.27730000003,144826.9151365623
rxn04903,1326.3440904558042,32969.27730000003,144826.9151365623
rxn04916,1326.3440904558042,32969.27730000003,144826.9151365623
rxn04919,1326.3440904558042,32969.27730000003,144826.9151365623
rxn04954,1326.3440904558042,33440.82230000003,142784.7282822615
rxn04996,2.64,36503.79030000005,260.35652522362824
rxn05005_num1,1326.3440904558042,51583.92450000007,92564.47181797672
rxn05006_num1,1326.3440904558042,51583.92450000007,92564.47181797672
rxn05023_num1,24.988333333333333,19240.748200000005,4675.389910253073
rxn05029,74.93867,21033.8158,12825.975779439888
rxn05031_num1,1326.3440904558042,32577.094600000004,146570.4288325606
rxn05034,1326.3440904558042,35066.90960000001,136163.6591335352
rxn05059,1.236,17168.173699999992,259.17724725723167
rxn05070,1.03,155778.03550000096,23.80309899337495
rxn05116,1326.3440904558042,70904.44820000007,67341.87835680654
rxn05126,1326.3440904558042,74254.42880000005,64303.7567294692
rxn05127,1326.3440904558042,74254.42880000005,64303.7567294692
rxn05229,1326.3440904558042,98429.7272,48510.12861123621
rxn05231_num1,1326.3440904558042,40340.56910000003,118363.19695452416
rxn05233_num1,1326.3440904558042,40340.56910000003,118363.19695452416
rxn05239,1326.3440904558042,28261.758000000023,168950.5205458518
rxn05287,6.685e-06,32291.772000003417,0.0007452672464056
rxn05289,1326.3440904558042,68559.2980000001,69645.38530777967
rxn05293,1326.3440904558042,39940.52270000005,119548.72903155292
rxn05322,1326.3440904558042,28969.96650000001,164820.30538906195
rxn05323,1326.3440904558042,28969.96650000001,164820.30538906195
rxn05324,13.817810588235291,28969.96650000001,1717.092704185455
rxn05325,13.817810588235291,28969.96650000001,1717.092704185455
rxn05326,13.817810588235291,28969.96650000001,1717.092704185455
rxn05327,1326.3440904558042,28969.96650000001,164820.30538906195
rxn05328,1326.3440904558042,28969.96650000001,164820.30538906195
rxn05330,0.1,17270.315699999992,20.84501558937919
rxn05331,0.1,17270.315699999992,20.84501558937919
rxn05332,1326.3440904558042,17270.315699999992,276476.632424322
rxn05334,1326.3440904558042,17270.315699999992,276476.632424322
rxn05335,0.1,17270.315699999992,20.84501558937919
rxn05343,551.0,112756.69710000006,17591.859738857132
rxn05344,1326.3440904558042,112756.69710000016,42346.38694148916
rxn05345,551.0,112756.69710000006,17591.859738857132
rxn05346,551.0,112756.69710000006,17591.859738857132
rxn05347,551.0,112756.69710000006,17591.859738857132
rxn05348,551.0,112756.69710000006,17591.859738857132
rxn05349,17.168145925555557,68416.9072000001,903.3633331499076
rxn05350,551.0,112756.69710000006,17591.859738857132
rxn05360_num1,1326.3440904558042,102777.92199999992,46457.82511190388
rxn05363,1326.3440904558042,112756.69710000016,42346.38694148916
rxn05367,1326.3440904558042,112756.69710000016,42346.38694148916
rxn05368_num1,1326.3440904558042,102777.92199999992,46457.82511190388
rxn05371,1326.3440904558042,112756.69710000016,42346.38694148916
rxn05375,1326.3440904558042,112756.69710000016,42346.38694148916
rxn05379,1326.3440904558042,112756.69710000016,42346.38694148916
rxn05383,1326.3440904558042,32747.272100000017,145808.7473991732
rxn05384,1326.3440904558042,112756.69710000016,42346.38694148916
rxn05388,1326.3440904558042,112756.69710000016,42346.38694148916
rxn05392,1326.3440904558042,112756.69710000016,42346.38694148916
rxn05396,1326.3440904558042,112756.69710000016,42346.38694148916
rxn05400,1326.3440904558042,112756.69710000016,42346.38694148916
rxn05404,1326.3440904558042,112756.69710000016,42346.38694148916
rxn05405_num1,1326.3440904558042,102777.92199999992,46457.82511190388
rxn05408,1326.3440904558042,32747.272100000017,145808.7473991732
rxn05409,1326.3440904558042,112756.69710000016,42346.38694148916
rxn05413,1326.3440904558042,112756.69710000016,42346.38694148916
rxn05417,1326.3440904558042,112756.69710000016,42346.38694148916
rxn05421,1326.3440904558042,112756.69710000016,42346.38694148916
rxn05425,1326.3440904558042,112756.69710000016,42346.38694148916
rxn05429,1326.3440904558042,112756.69710000016,42346.38694148916
rxn05433,1326.3440904558042,28969.96650000001,164820.30538906195
rxn05434,1326.3440904558042,28969.96650000001,164820.30538906195
rxn05435,1326.3440904558042,28969.96650000001,164820.30538906195
rxn05436,1326.3440904558042,28969.96650000001,164820.30538906195
rxn05437,1326.3440904558042,28969.96650000001,164820.30538906195
rxn05438,1326.3440904558042,28969.96650000001,164820.30538906195
rxn05439,1326.3440904558042,28969.96650000001,164820.30538906195
rxn05440,1326.3440904558042,28969.96650000001,164820.30538906195
rxn05441,1326.3440904558042,28969.96650000001,164820.30538906195
rxn05442,1326.3440904558042,28969.96650000001,164820.30538906195
rxn05443,1326.3440904558042,28969.96650000001,164820.30538906195
rxn05444,1326.3440904558042,28969.96650000001,164820.30538906195
rxn05445,1326.3440904558042,28969.96650000001,164820.30538906195
rxn05446,1326.3440904558042,28969.96650000001,164820.30538906195
rxn05447,1326.3440904558042,28969.96650000001,164820.30538906195
rxn05448,1326.3440904558042,28969.96650000001,164820.30538906195
rxn05449,1326.3440904558042,28969.96650000001,164820.30538906195
rxn05450,1326.3440904558042,28969.96650000001,164820.30538906195
rxn05451,1326.3440904558042,32747.272100000017,145808.7473991732
rxn05452,1326.3440904558042,32747.272100000017,145808.7473991732
rxn05453,1326.3440904558042,32747.272100000017,145808.7473991732
rxn05454,1326.3440904558042,32747.272100000017,145808.7473991732
rxn05455,1326.3440904558042,32747.272100000017,145808.7473991732
rxn05456,1326.3440904558042,32747.272100000017,145808.7473991732
rxn05457,1326.3440904558042,32747.272100000017,145808.7473991732
rxn05458,1326.3440904558042,32747.272100000017,145808.7473991732
rxn05459,1326.3440904558042,32747.272100000017,145808.7473991732
rxn05460,1326.3440904558042,112756.69710000016,42346.38694148916
rxn05464,1326.3440904558042,28969.96650000001,164820.30538906195
rxn05465,379.7133533333333,32747.27210000002,41742.96008002447
rxn05515,1326.3440904558042,21033.8158,227007.72751090152
rxn05814,1326.3440904558042,24759.877100000023,192845.81689789123
rxn05872_num1,1326.3440904558042,36122.01000000002,132186.4072802397
rxn05882,121.75,243699.34440000044,1798.527612288477
rxn05937,1326.3440904558042,31188.154400000025,153097.82888726788
rxn05957,63.396523809523806,176724.7804000001,1291.4288827956896
rxn06023,0.5062083333333334,14638.82009999998,124.48749199397584
rxn06060_num1,0.43,39392.67060000002,39.29665027585104
rxn06075_num1,1326.3440904558042,40340.56910000003,118363.19695452416
rxn06076_num1,1326.3440904558042,40340.56910000003,118363.19695452416
rxn06077,1326.3440904558042,20215.694599999984,236194.6408529984
rxn06078,1326.3440904558042,176724.7804000001,27018.501394278104
rxn06098_num1,1326.3440904558042,43703.786400000026,109254.57766837548
rxn06099,1326.3440904558042,76904.42520000001,62087.95804953099
rxn06280,1326.3440904558042,90027.82180000012,53037.36811769546
rxn06297,1326.3440904558042,32291.77200000004,147865.49111150944
rxn06300,1326.3440904558042,97113.6445000007,49167.53716972141
rxn06386,1326.3440904558042,37899.41710000005,125987.12832554062
rxn06432,1326.3440904558042,63285.26810000023,75449.45085949439
rxn06434,1326.3440904558042,132913.49200000032,35924.40958244392
rxn06435,1326.3440904558042,58522.99820000008,81589.09954208205
rxn06437,1326.3440904558042,116808.47010000012,40877.50418743726
rxn06438,1326.3440904558042,432195.5572000017,11047.866286675646
rxn06439,1326.3440904558042,93626.8542000001,50998.60255307915
rxn06440,1326.3440904558042,106261.1865000008,44934.92763362716
rxn06441,1326.3440904558042,95426.63880000064,50036.74849795573
rxn06442,1326.3440904558042,59841.35660000013,79791.61898948134
rxn06443,1326.3440904558042,58597.43760000013,81485.4526273839
rxn06444,1326.3440904558042,501791.4668000027,9515.583746552602
rxn06445,1326.3440904558042,100627.45960000005,47450.653575288045
rxn06446,1326.3440904558042,95459.7412000001,50019.39734612322
rxn06447,1326.3440904558042,149743.2644000006,31886.83474193632
rxn06448,1326.3440904558042,75210.84180000011,63486.04285454079
rxn06449,1326.3440904558042,100415.09800000064,47551.00398986678
rxn06515,1326.3440904558042,28903.801200000024,165197.60472338466
rxn06517,1326.3440904558042,75194.6988000005,63499.67220881884
rxn06538,1326.3440904558042,32482.2291,146998.49295875125
rxn06570,1326.3440904558042,28903.801200000024,165197.60472338466
rxn06672,1326.3440904558042,76506.3575,62411.005851911
rxn06673,1326.3440904558042,65547.94470000001,72844.980075186
rxn06750,1326.3440904558042,32291.77200000004,147865.49111150944
rxn06759,1326.3440904558042,32291.77200000004,147865.49111150944
rxn06804,1326.3440904558042,28903.801200000024,165197.60472338466
rxn06805,1326.3440904558042,28903.801200000024,165197.60472338466
rxn06870,1326.3440904558042,30201.82140000001,158097.70749922033
rxn06874_num1,1326.3440904558042,219939.4760000002,21709.784948477783
rxn06936,1326.3440904558042,132913.49200000032,35924.40958244392
rxn06937_num1,1326.3440904558042,53892.32760000007,88599.60106159691
rxn07100,1326.3440904558042,38865.45770000003,122855.58972436575
rxn07181,1326.3440904558042,32969.27730000003,144826.9151365623
rxn07230,1326.3440904558042,29835.51470000001,160038.7582936819
rxn07261,1326.3440904558042,38865.45770000003,122855.58972436575
rxn07292,1326.3440904558042,84625.52280000015,56423.151877306766
rxn07312,0.00895967,67172.17640000003,0.4801811364265992
rxn07449,1326.3440904558042,15870.651199999991,300859.66010272456
rxn07579,13.817810588235291,28969.96650000001,1717.092704185455
rxn07670,1326.3440904558042,147307.12080000006,32414.17454709285
rxn07672,1326.3440904558042,147307.12080000006,32414.17454709285
rxn07673,1326.3440904558042,147307.12080000006,32414.17454709285
rxn07720,1326.3440904558042,147307.12080000006,32414.17454709285
rxn07721,1326.3440904558042,147307.12080000006,32414.17454709285
rxn07734,1326.3440904558042,147307.12080000006,32414.17454709285
rxn07841,0.0232,40155.666000000034,2.079905734846981
rxn07842,0.0232,40155.666000000034,2.079905734846981
rxn07876,1326.3440904558042,74254.42880000005,64303.7567294692
rxn07885,1326.3440904558042,74254.42880000005,64303.7567294692
rxn07976,1326.3440904558042,17270.315699999992,276476.632424322
rxn07977,1326.3440904558042,17270.315699999992,276476.632424322
rxn07978,1326.3440904558042,17270.315699999992,276476.632424322
rxn07979,1326.3440904558042,17270.315699999992,276476.632424322
rxn07980,1326.3440904558042,17270.315699999992,276476.632424322
rxn07987,1326.3440904558042,102777.92199999992,46457.82511190388
rxn07989,1326.3440904558042,102777.92199999992,46457.82511190388
rxn07991,1326.3440904558042,102777.92199999992,46457.82511190388
rxn07992,1326.3440904558042,102777.92199999992,46457.82511190388
rxn07993,1326.3440904558042,102777.92199999992,46457.82511190388
rxn07997,1326.3440904558042,44339.78990000005,107687.44589024068
rxn07998,1326.3440904558042,44339.78990000005,107687.44589024068
rxn08000,1326.3440904558042,44339.78990000005,107687.44589024068
rxn08001,1326.3440904558042,44339.78990000005,107687.44589024068
rxn08002,1326.3440904558042,44339.78990000005,107687.44589024068
rxn08044,1326.3440904558042,31816.33550000004,150075.06837614565
rxn08080,1326.3440904558042,38101.27960000009,125319.64216868149
rxn08103_num1,1326.3440904558042,146340.88480000017,32628.19363273994
rxn08131,1326.3440904558042,133770.51160000035,35694.25479898428
rxn08136,1326.3440904558042,39562.70670000005,120690.39567611
rxn08173,1326.3440904558042,107437.93960000025,44442.7614995037
rxn08180,1326.3440904558042,72526.16140000008,65836.08774365507
rxn08306,1326.3440904558042,22120.23209999997,215858.4369302753
rxn08307,1326.3440904558042,22120.23209999997,215858.4369302753
rxn08308,1326.3440904558042,22120.23209999997,215858.4369302753
rxn08309,1326.3440904558042,22120.23209999997,215858.4369302753
rxn08310,1326.3440904558042,22120.23209999997,215858.4369302753
rxn08311,1326.3440904558042,22120.23209999997,215858.4369302753
rxn08312,1326.3440904558042,22120.23209999997,215858.4369302753
rxn08352,2.64,36503.79030000005,260.35652522362824
rxn08386,1326.3440904558042,28969.96650000001,164820.30538906195
rxn08390,1326.3440904558042,28969.96650000001,164820.30538906195
rxn08392,13.817810588235291,28969.96650000001,1717.092704185455
rxn08393,29.598181818181818,28969.96650000001,3678.0661981592048
rxn08394,1326.3440904558042,28969.96650000001,164820.30538906195
rxn08398,1326.3440904558042,28969.96650000001,164820.30538906195
rxn08438,1326.3440904558042,24588.651100000003,194188.72170832072
rxn08459,1326.3440904558042,263290.23500000086,18135.26705857845
rxn08521,1326.3440904558042,62886.27500000004,75928.15325189625
rxn08546,1326.3440904558042,97451.29230000004,48997.1822122352
rxn08547,1326.3440904558042,97451.29230000004,48997.1822122352
rxn08548,1326.3440904558042,97451.29230000004,48997.1822122352
rxn08549,1326.3440904558042,97451.29230000004,48997.1822122352
rxn08550,1326.3440904558042,97451.29230000004,48997.1822122352
rxn08551,1326.3440904558042,97451.29230000004,48997.1822122352
rxn08552,1326.3440904558042,97451.29230000004,48997.1822122352
rxn08756,2.64,36503.79030000005,260.35652522362824
rxn08796,1326.3440904558042,41794.90760000004,114244.50967420948
rxn08797,1326.3440904558042,41794.90760000004,114244.50967420948
rxn08798,1326.3440904558042,41794.90760000004,114244.50967420948
rxn08799,1326.3440904558042,41794.90760000004,114244.50967420948
rxn08800,1326.3440904558042,41794.90760000004,114244.50967420948
rxn08801,1326.3440904558042,41794.90760000004,114244.50967420948
rxn08802,1326.3440904558042,41794.90760000004,114244.50967420948
rxn08817,1326.3440904558042,41794.90760000004,114244.50967420948
rxn08818,1326.3440904558042,41794.90760000004,114244.50967420948
rxn08819,1326.3440904558042,41794.90760000004,114244.50967420948
rxn08820,1326.3440904558042,41794.90760000004,114244.50967420948
rxn08821,1326.3440904558042,41794.90760000004,114244.50967420948
rxn08822,1326.3440904558042,41794.90760000004,114244.50967420948
rxn08823,1326.3440904558042,41794.90760000004,114244.50967420948
rxn08838,1326.3440904558042,41794.90760000004,114244.50967420948
rxn08839,1326.3440904558042,41794.90760000004,114244.50967420948
rxn08840,1326.3440904558042,41794.90760000004,114244.50967420948
rxn08841,1326.3440904558042,41794.90760000004,114244.50967420948
rxn08842,1326.3440904558042,41794.90760000004,114244.50967420948
rxn08843,1326.3440904558042,41794.90760000004,114244.50967420948
rxn08844,1326.3440904558042,41794.90760000004,114244.50967420948
rxn08845,1326.3440904558042,41794.90760000004,114244.50967420948
rxn08846,1326.3440904558042,41794.90760000004,114244.50967420948
rxn08847,1326.3440904558042,41794.90760000004,114244.50967420948
rxn08848,1326.3440904558042,41794.90760000004,114244.50967420948
rxn08849,1326.3440904558042,41794.90760000004,114244.50967420948
rxn08850,1326.3440904558042,41794.90760000004,114244.50967420948
rxn08851,1326.3440904558042,41794.90760000004,114244.50967420948
rxn09013,1326.3440904558042,30916.417500000003,154443.4676378948
rxn09014,1326.3440904558042,30916.417500000003,154443.4676378948
rxn09108,1326.3440904558042,19991.8961,238838.71253417
rxn09109,1326.3440904558042,19991.8961,238838.71253417
rxn09110,1326.3440904558042,19991.8961,238838.71253417
rxn09111,1326.3440904558042,19991.8961,238838.71253417
rxn09112,1326.3440904558042,19991.8961,238838.71253417
rxn09113,1326.3440904558042,19991.8961,238838.71253417
rxn09114,1326.3440904558042,19991.8961,238838.71253417
rxn09115,1326.3440904558042,23935.3345,199489.1162118873
rxn09176,1326.3440904558042,81383.43110000045,58670.8948136357
rxn09177,1.81833333,45362.37480000003,144.30461405208433
rxn09197,1326.3440904558042,26959.1633,177113.75803865897
rxn09198,1326.3440904558042,26959.1633,177113.75803865897
rxn09199,1326.3440904558042,26959.1633,177113.75803865897
rxn09200,1326.3440904558042,26959.1633,177113.75803865897
rxn09201,1326.3440904558042,26959.1633,177113.75803865897
rxn09202,1326.3440904558042,26959.1633,177113.75803865897
rxn09203,1326.3440904558042,26959.1633,177113.75803865897
rxn09205,1326.3440904558042,29355.374000000003,162656.37513733923
rxn09206,1326.3440904558042,29355.374000000003,162656.37513733923
rxn09207,1326.3440904558042,29355.374000000003,162656.37513733923
rxn09208,1326.3440904558042,29355.374000000003,162656.37513733923
rxn09209,1326.3440904558042,29355.374000000003,162656.37513733923
rxn09210,1326.3440904558042,29355.374000000003,162656.37513733923
rxn09211,1326.3440904558042,29355.374000000003,162656.37513733923
rxn09240,1326.3440904558042,88334.51270000012,54054.05633307907
rxn09310_num1,1326.3440904558042,147897.60379999995,32284.760557025984
rxn09345,1.9694615623076923,55429.14980000006,127.91214820884164
rxn09562,1326.3440904558042,24759.877100000023,192845.81689789123
rxn10052,1326.3440904558042,24528.2085,194667.2430496053
rxn10060,1326.3440904558042,29047.29410000001,164381.53272393427
rxn10199_num1,1326.3440904558042,75291.49010000043,63418.0399311936
rxn10202,1326.3440904558042,97451.29230000004,48997.1822122352
rxn10203,1326.3440904558042,97451.29230000004,48997.1822122352
rxn10204,1326.3440904558042,97451.29230000004,48997.1822122352
rxn10205,1326.3440904558042,97451.29230000004,48997.1822122352
rxn10206,1326.3440904558042,97451.29230000004,48997.1822122352
rxn10207,1326.3440904558042,97451.29230000004,48997.1822122352
rxn10208,1326.3440904558042,97451.29230000004,48997.1822122352
rxn10209,1326.3440904558042,97451.29230000004,48997.1822122352
rxn10210,1326.3440904558042,97451.29230000004,48997.1822122352
rxn10220,1326.3440904558042,22120.23209999997,215858.4369302753
rxn10221,1326.3440904558042,22120.23209999997,215858.4369302753
rxn10222,1326.3440904558042,22120.23209999997,215858.4369302753
rxn10223,1326.3440904558042,22120.23209999997,215858.4369302753
rxn10224,1326.3440904558042,22120.23209999997,215858.4369302753
rxn10225,1326.3440904558042,22120.23209999997,215858.4369302753
rxn10226,1326.3440904558042,29355.374000000003,162656.37513733923
rxn10227,1326.3440904558042,29355.374000000003,162656.37513733923
rxn10228,1326.3440904558042,29355.374000000003,162656.37513733923
rxn10229,1326.3440904558042,29355.374000000003,162656.37513733923
rxn10230,1326.3440904558042,29355.374000000003,162656.37513733923
rxn10231,1326.3440904558042,29355.374000000003,162656.37513733923
rxn10232,1326.3440904558042,26959.1633,177113.75803865897
rxn10233,1326.3440904558042,26959.1633,177113.75803865897
rxn10234,1326.3440904558042,26959.1633,177113.75803865897
rxn10235,1326.3440904558042,26959.1633,177113.75803865897
rxn10236,1326.3440904558042,26959.1633,177113.75803865897
rxn10237,1326.3440904558042,26959.1633,177113.75803865897
rxn10259,1326.3440904558042,19991.8961,238838.71253417
rxn10260,1326.3440904558042,19991.8961,238838.71253417
rxn10261,1326.3440904558042,19991.8961,238838.71253417
rxn10262,1326.3440904558042,19991.8961,238838.71253417
rxn10263,1326.3440904558042,19991.8961,238838.71253417
rxn10264,1326.3440904558042,19991.8961,238838.71253417
rxn10902,600.0,53858.728501282414,40104.92004
rxn10996,1326.3440904558042,147307.12080000006,32414.17454709285
rxn11567,1326.3440904558042,114487.77330000087,41706.10177847574
rxn11599_num1,1326.3440904558042,33426.82320000002,142844.5262976977
rxn11612,1326.3440904558042,114487.77330000087,41706.10177847574
rxn11663,1326.3440904558042,70904.44820000007,67341.87835680654
rxn11749,1326.3440904558042,62886.27500000004,75928.15325189625
rxn11755_num1,1326.3440904558042,33426.82320000002,142844.5262976977
rxn11759,1326.3440904558042,54737.5608000001,87231.48521519224
rxn11808,1326.3440904558042,32969.27730000003,144826.9151365623
rxn11809_num1,1326.3440904558042,160579.11000000004,29735.11763541904
rxn11944,1326.3440904558042,84927.94840000043,56222.23090980578
rxn11962,1326.3440904558042,54598.68180000005,87453.37008559227
rxn12008,1326.3440904558042,32291.77200000004,147865.49111150944
rxn12154,1326.3440904558042,32969.27730000003,144826.9151365623
rxn12197,1326.3440904558042,76904.42520000001,62087.95804953099
rxn12510,23.706222222222223,59413.65800000005,1436.4104630622126
rxn12512,1.958,45362.374800000034,155.38869010006053
rxn12633_num1,6656.26,29848.99620000002,802792.0215286833
rxn12634_num1,1326.3440904558042,29848.99620000002,159966.47571153136
rxn12635_num1,6656.26,29848.99620000002,802792.0215286833
rxn12636_num1,1326.3440904558042,29848.99620000002,159966.47571153136
rxn12637_num1,6656.26,29848.99620000002,802792.0215286833
rxn12638_num1,1326.3440904558042,29848.99620000002,159966.47571153136
rxn12639_num1,6656.26,29848.99620000002,802792.0215286833
rxn12640_num1,1326.3440904558042,29848.99620000002,159966.47571153136
rxn12641_num1,6656.26,29848.99620000002,802792.0215286833
rxn12642_num1,6656.26,29848.99620000002,802792.0215286833
rxn12643_num1,6656.26,29848.99620000002,802792.0215286833
rxn12644_num1,1326.3440904558042,29848.99620000002,159966.47571153136
rxn12645_num1,1326.3440904558042,29848.99620000002,159966.47571153136
rxn12646_num1,6656.26,29848.99620000002,802792.0215286833
rxn12844_num1,1326.3440904558042,29848.99620000002,159966.47571153136
rxn12845_num1,1326.3440904558042,29848.99620000002,159966.47571153136
rxn12846_num1,1326.3440904558042,29848.99620000002,159966.47571153136
rxn12847_num1,1326.3440904558042,29848.99620000002,159966.47571153136
rxn13394,1326.3440904558042,243699.34440000047,19593.153758360648
rxn14138,1326.3440904558042,21385.898799999984,223270.42554044529
rxn14294,0.074297625,153327.29920000012,1.744447671064174
rxn15166,1998.5073727272727,75194.69880000051,95679.9702190992
rxn16573,8.64,24497.86100000001,1269.6618696628243
rxn18911,1326.3440904558042,47709.08030000008,100082.38883701322
rxn25990_num1,0.5783332941666667,18591.79419999999,111.98488088901075
rxn27697,81.81928571428571,44113.94880000004,6677.013429625875
rxn29950,383.5661866666667,38700.15190000001,35680.43545586186
rxn29962,1326.3440904558042,38700.15190000002,123380.36134790708
rxn29964,12.45,118889.05540000036,376.9901262080333
rxn30018,12000.0,58573.86409845944,737530.3075
rxn30415_num1,3556.25516715,36291.88280000004,352765.34624265856
rxn30633,4.044559459459459,75194.69880000051,193.6361776350909
rxn36708_num1,1326.3440904558042,64714.91280000024,73782.6649075061
rxn36773,1326.3440904558042,48670.28130000006,98105.83785635298
rxn36841,1326.3440904558042,48670.28130000006,98105.83785635298
rxn39451,1326.3440904558042,26771.21209999999,178357.21101477122
rxn39452,1326.3440904558042,26771.21209999999,178357.21101477122
rxn39829,0.0644833333333333,16670.84959999997,13.92490518299681
rxn42246,3.9,29023.648300000004,483.74345826124136
SacB,1326.3440904558042,46761.44990000001,102110.57903148752
SacC,1326.3440904558042,46099.78640000002,103576.15725614062
CYOR_Q10,1326.3440904558042,21238.7017,224817.82517058923
LIPOS,1326.3440904558042,35661.46010000007,133893.5285389755
rxn00076,14.2877,82189.46570000057,625.8188876387798
SCYSDS,1326.3440904558042,44167.87420000007,108106.60037699724
S2FE2SR,1326.3440904558042,44167.87420000007,108106.60037699724
S2FE2SS,1326.3440904558042,44167.87420000007,108106.60037699724
S2FE2SS2,1326.3440904558042,44167.87420000007,108106.60037699724
rxn00929_num1,27.0,29412.48810107884,3304.718719
rxn00505,112.0,46347.61990245051,8699.475849
rxn00097_reverse_num1,1326.3440904558042,24528.2085,194667.2430496053
rxn00102_reverse,1326.3440904558042,23323.939700000017,204718.36178005947
rxn00119_reverse,1326.3440904558042,157889.95380000002,30241.56135791392
rxn00124_reverse,0.944,36737.325000000055,92.50537430256544
rxn00179_reverse,12.25,42508.11390000007,1037.448993943717
rxn00193_reverse_num1,4810.05844,30201.82140000001,573349.8703492099
rxn00198_reverse,25.0,46347.619895844255,1941.847288
rxn00211_reverse,12.34529411764706,47349.797800000015,938.6113750950252
rxn00224_reverse,1326.3440904558042,37425.69200000003,127581.84205761355
rxn00239_reverse,334.64,24759.877100000023,48655.4919127607
rxn00260_reverse_num1,1326.3440904558042,43682.15320000007,109308.68503159974
rxn00283_reverse_num1,80.60428571428571,38115.20910000006,7613.113909728704
rxn00285_reverse,1326.3440904558042,144420.33039999998,33062.095290988866
rxn00328_reverse,9.8,64515.39029999996,546.8462615810917
rxn00337_reverse_num1,20.913636363636364,45450.450400000045,1656.509236904962
rxn00364_reverse,1326.3440904558042,22854.669100000003,208921.80520088537
rxn00459_reverse,66.2408972972973,365936.55680000014,651.6627700593541
rxn00461_reverse,3.2818181818181817,44754.36840000006,263.9864191345719
rxn00493_reverse_num1,1326.3440904558042,40262.753000000055,118591.95832040816
rxn00500_reverse_num1,120.0,432000.0,1000.0
rxn00532_reverse,21.1025,74254.42880000005,1023.090490731779
rxn00543_reverse_num1,470.0,16920.0,100000.0
rxn00544_reverse,121.75,243699.34440000044,1798.527612288477
rxn00555_reverse,1326.3440904558042,131973.9630000004,36180.15718479925
rxn00558_reverse,1326.3440904558042,55398.35020000013,86190.99139961181
rxn00559_reverse,1326.3440904558042,52267.076400000034,91354.61660604556
rxn00604_reverse,305.0,53858.72849335683,20386.66769
rxn00678_reverse,999.0,34649.92220000005,103792.44083843844
rxn00686_reverse,1326.3440904558042,16114.20109999999,296312.4697283875
rxn00692_reverse,1326.3440904558042,91625.53780000017,52112.53150910168
rxn00693_reverse_num1,1326.3440904558042,97254.07320000068,49096.54237125425
rxn00747_reverse,11085.09090909091,52533.4964,759635.8515502743
rxn00777_reverse,5952.1812,16960.20669999998,1263419.2907566407
rxn00781_reverse,1326.3440904558042,144406.75440000033,33065.203532064734
rxn00783_reverse,13.522666666666666,16264.286199999977,2993.15933090258
rxn00785_reverse,1326.3440904558042,72109.32370000033,66216.66215461778
rxn00786_reverse,1326.3440904558042,32790.98150000001,145614.38868918558
rxn00798_reverse,1326.3440904558042,23204.38899999999,205773.0856710296
rxn00799_reverse,1326.3440904558042,110293.18860000013,43292.23577856457
rxn00800_reverse,123.31,48582.25190000007,9137.410939981548
rxn00802_reverse,230.47744444444444,51078.65420000011,16243.944030929424
rxn00806_reverse,1326.3440904558042,40494.70509999999,117912.66818339904
rxn00832_reverse,3.5075,56449.61570000016,223.6861995147288
rxn00834_reverse,2.0545214285714284,206514.26040000044,35.81484943718262
rxn00859_reverse,5.091545454545455,46338.19270000007,395.5606071007515
rxn00903_reverse,180.02882352941177,40494.70509999999,16004.654512371855
rxn00907_reverse,1326.3440904558042,62886.27500000004,75928.15325189625
rxn00912_reverse_num1,1326.3440904558042,292311.1560000001,16334.781029160904
rxn00974_reverse,1326.3440904558042,81995.42230000041,58232.99144885154
rxn01100_reverse,999.0,41387.170397677,86896.4939
rxn01106_reverse,1326.3440904558042,51876.05020000005,92043.22046941212
rxn01116_reverse,1332.4597777777778,23754.1211,201937.81027747647
rxn01117_reverse,118.03846153846152,36189.57840000004,11742.011936189368
rxn01157_reverse,21.635,36222.80430000005,2150.1924410639817
rxn01171_reverse,5303.6875,41889.177100000044,455804.4898905398
rxn01200_reverse,64521.705882352944,72109.32370000033,3221194.2819326366
rxn01216_reverse,5.4129625,49902.84350000009,390.4920768693264
rxn01219_reverse,1326.3440904558042,22854.669100000003,208921.80520088537
rxn01257_reverse_num1,0.4962830909090909,22648.8802,78.88333160386127
rxn01292_reverse,394.20166666666665,52267.07640000004,27151.43256032585
rxn01300_reverse,11.78181818181818,36737.32500000005,1154.5354882138367
rxn01329_reverse,24.803846153846155,49902.84350000008,1789.353870262844
rxn01334_reverse,3.3116666466666667,32790.98150000001,363.5755742169534
rxn01388_reverse,1326.3440904558042,81995.42230000041,58232.99144885154
rxn01396_reverse,9.890214285714286,36737.32500000006,969.17158308536
rxn01465_reverse_num1,64.35333333333334,43147.247800000085,5369.334356477763
rxn01485_reverse,1.5664,47894.21650000005,117.7394769575152
rxn01513_reverse,1326.3440904558042,23784.695800000005,200752.56651551937
rxn01530_reverse_num1,0.11026666,36122.01000000002,10.98942102059104
rxn01547_reverse,1.182,28300.41099999997,150.35824038032536
rxn01575_reverse,221.93142857142857,40494.70509999999,19729.81753748203
rxn01602_reverse,1326.3440904558042,16114.20109999999,296312.4697283875
rxn01637_reverse,1.185,85719.85719999994,49.76676512708893
rxn01641_reverse,111.00782222222222,32482.2291,12302.978307606358
rxn01682_reverse_num1,2.8,292663.0664000001,34.44233713530173
rxn01739_reverse,65.87383333333334,19608.352299999988,12094.121748312333
rxn01740_reverse,1326.3440904558042,63115.71340000005,75652.13903834115
rxn01790_reverse,16.84285714285714,36574.42530000002,1657.8329041929107
rxn01807_reverse,9.85292857142857,36737.32500000006,965.5178447843656
rxn01834_reverse_num1,144.98947368421054,15870.651199999991,32888.512177947574
rxn01843_reverse,1326.3440904558042,31723.72830000002,150513.16416806192
rxn01917_reverse,63.46666666666667,31709.23490000002,7205.4718671247365
rxn01974_reverse,71.69108333333334,58594.376400000045,4404.653071792054
rxn02009_reverse,8.404714285714286,24041.20529999999,1258.5463603429002
rxn02107_reverse,90.43333333333334,74254.42880000005,4384.384948632179
rxn02159_reverse,1326.3440904558042,46338.19270000006,103043.26620060192
rxn02181_reverse,96.0,65391.18330000021,5285.116166417482
rxn02182_reverse,173.66666666666666,51078.65420000011,12239.946603761511
rxn02185_reverse_num1,1326.3440904558042,101820.6851000002,46894.584542928846
rxn02186_reverse,1326.3440904558042,36574.42530000002,130551.2987962354
rxn02229_reverse,1326.3440904558042,72526.16140000008,65836.08774365507
rxn02230_reverse_num1,354.759,32514.70320000005,39278.6116528352
rxn02264_reverse,286.086,27127.10900000001,37966.06560618013
rxn02283_reverse,1326.3440904558042,32482.2291,146998.49295875125
rxn02285_reverse,30.20769230769231,33904.40079999999,3207.48014245078
rxn02305_reverse_num1,999.0,25613.5957,140409.80587508844
rxn02312_reverse,0.2280303,93857.84400000016,8.746302333558807
rxn02320_reverse_num1,268.1982023812143,40262.753000000055,23980.315716920057
rxn02339_reverse_num1,1326.3440904558042,43682.15320000007,109308.68503159974
rxn02342_reverse,1326.3440904558042,88485.77969999998,53961.65058192843
rxn02362_reverse,1326.3440904558042,41368.926500000045,115420.8999269268
rxn02391_reverse,1326.3440904558042,47894.21650000005,99695.51805155618
rxn02474_reverse,0.2166666666666666,35145.1102,22.193699082497112
rxn02476_reverse,18.7400089,47787.90410000005,1411.738667149454
rxn02504_reverse,0.3452666666666666,16264.286199999971,76.42265911429926
rxn02508_reverse,103.71428571428572,23204.388999999992,16090.552031834526
rxn02548_reverse,0.0985,47879.176000000014,7.406142495017038
rxn02687_reverse,29.665,74254.42880000005,1438.2172447604894
rxn02789_reverse_num1,1326.3440904558042,21336.010100000003,223792.4852520057
rxn02811_reverse_num1,1326.3440904558042,21336.010100000003,223792.4852520057
rxn02835_reverse,4.2175,39999.35139999996,379.5811549084272
rxn02914_reverse,1.0216666666666667,41924.49620000008,87.72914008206958
rxn02962_reverse_num1,1326.3440904558042,51583.92450000007,92564.47181797672
rxn03004_reverse,1326.3440904558042,22899.95740000001,208508.62917504343
rxn03052_reverse,1326.3440904558042,84927.94840000043,56222.23090980578
rxn03062_reverse,1326.3440904558042,75455.17200000004,63280.46970247305
rxn03063_reverse,0.00895967,67172.17640000003,0.4801811364265992
rxn03068_reverse,1326.3440904558042,36574.42530000002,130551.2987962354
rxn03080_reverse,0.0465222222222222,14860.988899999984,11.269774920564007
rxn03114_reverse,1326.3440904558042,38950.83580000009,122586.2969965046
rxn03136_reverse,123.31,48582.25190000007,9137.410939981548
rxn03137_reverse,1326.3440904558042,56449.61570000016,84585.84999084203
rxn03175_reverse,7.91625,26146.31449999999,1089.96241133717
rxn03185_reverse,1326.3440904558042,32291.77200000004,147865.49111150944
rxn03194_reverse_num1,1326.3440904558042,64880.53590000024,73594.31699208387
rxn03282_reverse_num1,1326.3440904558042,36122.01000000002,132186.4072802397
rxn03366_reverse,1326.3440904558042,74254.42880000005,64303.7567294692
rxn03408_reverse,1326.3440904558042,42379.20130000006,112669.38920910924
rxn03421_reverse,1326.3440904558042,228130.41900000008,20930.3027039147
rxn03435_reverse,1326.3440904558042,36574.42530000002,130551.2987962354
rxn03445_reverse,1326.3440904558042,41924.49620000008,113891.37994318668
rxn03463_reverse,1326.3440904558042,32291.77200000004,147865.49111150944
rxn03618_reverse,1326.3440904558042,74254.42880000005,64303.7567294692
rxn03884_reverse,72.15063,64515.39029999996,4026.051253695976
rxn03903_reverse,1326.3440904558042,38865.45770000003,122855.58972436575
rxn03904_reverse,204.052,38865.45770000001,18900.773166502546
rxn03910_reverse,2.333333333333333,41368.92650000002,203.0509541986784
rxn03915_reverse,39.66666666666666,74254.42880000004,1923.1176147704728
rxn03921_reverse,1326.3440904558042,74254.42880000005,64303.7567294692
rxn03933_reverse,1326.3440904558042,42379.20130000006,112669.38920910924
rxn03951_reverse,1326.3440904558042,70904.44820000007,67341.87835680654
rxn03958_reverse,1244.9155,83715.26820000021,53534.98706225239
rxn04137_reverse,1326.3440904558042,27581.202,173119.31240853446
rxn04270_reverse,1326.3440904558042,74254.42880000005,64303.7567294692
rxn04271_reverse,1326.3440904558042,74254.42880000005,64303.7567294692
rxn04723_reverse,1326.3440904558042,74254.42880000005,64303.7567294692
rxn04726_reverse_num1,1326.3440904558042,160579.11000000004,29735.11763541904
rxn04727_reverse,1326.3440904558042,74254.42880000005,64303.7567294692
rxn04737_reverse,1326.3440904558042,74254.42880000005,64303.7567294692
rxn04744_reverse,1326.3440904558042,74254.42880000005,64303.7567294692
rxn04757_reverse,1326.3440904558042,51876.05020000005,92043.22046941212
rxn04760_reverse,1326.3440904558042,51876.05020000005,92043.22046941212
rxn04792_reverse,1326.3440904558042,39582.14220000002,120631.13465447792
rxn04809_reverse,1326.3440904558042,32969.27730000003,144826.9151365623
rxn04810_reverse,1326.3440904558042,32969.27730000003,144826.9151365623
rxn04811_reverse,1326.3440904558042,32969.27730000003,144826.9151365623
rxn04830_reverse,1326.3440904558042,32969.27730000003,144826.9151365623
rxn04831_reverse,1326.3440904558042,32969.27730000003,144826.9151365623
rxn04832_reverse,1326.3440904558042,32969.27730000003,144826.9151365623
rxn04833_reverse,1326.3440904558042,32969.27730000003,144826.9151365623
rxn04872_reverse,1326.3440904558042,32969.27730000003,144826.9151365623
rxn04873_reverse,1326.3440904558042,32969.27730000003,144826.9151365623
rxn04886_reverse,1326.3440904558042,32969.27730000003,144826.9151365623
rxn04894_reverse,1326.3440904558042,32969.27730000003,144826.9151365623
rxn04895_reverse,1326.3440904558042,32969.27730000003,144826.9151365623
rxn04896_reverse,1326.3440904558042,32969.27730000003,144826.9151365623
rxn04903_reverse,1326.3440904558042,32969.27730000003,144826.9151365623
rxn04916_reverse,1326.3440904558042,32969.27730000003,144826.9151365623
rxn04919_reverse,1326.3440904558042,32969.27730000003,144826.9151365623
rxn04954_reverse,1326.3440904558042,33440.82230000003,142784.7282822615
rxn05005_reverse_num1,1326.3440904558042,51583.92450000007,92564.47181797672
rxn05006_reverse_num1,1326.3440904558042,51583.92450000007,92564.47181797672
rxn05034_reverse,1326.3440904558042,35066.90960000001,136163.6591335352
rxn05330_reverse,0.1,17270.315699999992,20.84501558937919
rxn05331_reverse,0.1,17270.315699999992,20.84501558937919
rxn05332_reverse,1326.3440904558042,17270.315699999992,276476.632424322
rxn05334_reverse,1326.3440904558042,17270.315699999992,276476.632424322
rxn05335_reverse,0.1,17270.315699999992,20.84501558937919
rxn05349_reverse,17.168145925555557,68416.9072000001,903.3633331499076
rxn05360_reverse_num1,1326.3440904558042,102777.92199999992,46457.82511190388
rxn05368_reverse_num1,1326.3440904558042,102777.92199999992,46457.82511190388
rxn05383_reverse,1326.3440904558042,32747.272100000017,145808.7473991732
rxn05405_reverse_num1,1326.3440904558042,102777.92199999992,46457.82511190388
rxn05408_reverse,1326.3440904558042,32747.272100000017,145808.7473991732
rxn05451_reverse,1326.3440904558042,32747.272100000017,145808.7473991732
rxn05452_reverse,1326.3440904558042,32747.272100000017,145808.7473991732
rxn05453_reverse,1326.3440904558042,32747.272100000017,145808.7473991732
rxn05454_reverse,1326.3440904558042,32747.272100000017,145808.7473991732
rxn05455_reverse,1326.3440904558042,32747.272100000017,145808.7473991732
rxn05456_reverse,1326.3440904558042,32747.272100000017,145808.7473991732
rxn05457_reverse,1326.3440904558042,32747.272100000017,145808.7473991732
rxn05458_reverse,1326.3440904558042,32747.272100000017,145808.7473991732
rxn05459_reverse,1326.3440904558042,32747.272100000017,145808.7473991732
rxn05814_reverse,1326.3440904558042,24759.877100000023,192845.81689789123
rxn05872_reverse_num1,1326.3440904558042,36122.01000000002,132186.4072802397
rxn05937_reverse,1326.3440904558042,31188.154400000025,153097.82888726788
rxn06060_reverse_num1,0.43,39392.67060000002,39.29665027585104
rxn06077_reverse,1326.3440904558042,20215.694599999984,236194.6408529984
rxn06098_reverse_num1,1326.3440904558042,43703.786400000026,109254.57766837548
rxn06297_reverse,1326.3440904558042,32291.77200000004,147865.49111150944
rxn06515_reverse,1326.3440904558042,28903.801200000024,165197.60472338466
rxn06517_reverse,1326.3440904558042,75194.6988000005,63499.67220881884
rxn06570_reverse,1326.3440904558042,28903.801200000024,165197.60472338466
rxn06672_reverse,1326.3440904558042,76506.3575,62411.005851911
rxn06750_reverse,1326.3440904558042,32291.77200000004,147865.49111150944
rxn06759_reverse,1326.3440904558042,32291.77200000004,147865.49111150944
rxn06804_reverse,1326.3440904558042,28903.801200000024,165197.60472338466
rxn06805_reverse,1326.3440904558042,28903.801200000024,165197.60472338466
rxn06870_reverse,1326.3440904558042,30201.82140000001,158097.70749922033
rxn07100_reverse,1326.3440904558042,38865.45770000003,122855.58972436575
rxn07181_reverse,1326.3440904558042,32969.27730000003,144826.9151365623
rxn07261_reverse,1326.3440904558042,38865.45770000003,122855.58972436575
rxn07292_reverse,1326.3440904558042,84625.52280000015,56423.151877306766
rxn07312_reverse,0.00895967,67172.17640000003,0.4801811364265992
rxn07579_reverse,13.817810588235291,28969.96650000001,1717.092704185455
rxn07672_reverse,1326.3440904558042,147307.12080000006,32414.17454709285
rxn07673_reverse,1326.3440904558042,147307.12080000006,32414.17454709285
rxn07720_reverse,1326.3440904558042,147307.12080000006,32414.17454709285
rxn07842_reverse,0.0232,40155.666000000034,2.079905734846981
rxn07876_reverse,1326.3440904558042,74254.42880000005,64303.7567294692
rxn07885_reverse,1326.3440904558042,74254.42880000005,64303.7567294692
rxn07976_reverse,1326.3440904558042,17270.315699999992,276476.632424322
rxn07977_reverse,1326.3440904558042,17270.315699999992,276476.632424322
rxn07978_reverse,1326.3440904558042,17270.315699999992,276476.632424322
rxn07979_reverse,1326.3440904558042,17270.315699999992,276476.632424322
rxn07980_reverse,1326.3440904558042,17270.315699999992,276476.632424322
rxn07987_reverse,1326.3440904558042,102777.92199999992,46457.82511190388
rxn07989_reverse,1326.3440904558042,102777.92199999992,46457.82511190388
rxn07991_reverse,1326.3440904558042,102777.92199999992,46457.82511190388
rxn07992_reverse,1326.3440904558042,102777.92199999992,46457.82511190388
rxn07993_reverse,1326.3440904558042,102777.92199999992,46457.82511190388
rxn08173_reverse,1326.3440904558042,107437.93960000025,44442.7614995037
rxn08521_reverse,1326.3440904558042,62886.27500000004,75928.15325189625
rxn09108_reverse,1326.3440904558042,19991.8961,238838.71253417
rxn09109_reverse,1326.3440904558042,19991.8961,238838.71253417
rxn09110_reverse,1326.3440904558042,19991.8961,238838.71253417
rxn09111_reverse,1326.3440904558042,19991.8961,238838.71253417
rxn09112_reverse,1326.3440904558042,19991.8961,238838.71253417
rxn09113_reverse,1326.3440904558042,19991.8961,238838.71253417
rxn09114_reverse,1326.3440904558042,19991.8961,238838.71253417
rxn09345_reverse,1.9694615623076923,55429.14980000006,127.91214820884164
rxn09562_reverse,1326.3440904558042,24759.877100000023,192845.81689789123
rxn10052_reverse,1326.3440904558042,24528.2085,194667.2430496053
rxn10199_reverse_num1,1326.3440904558042,75291.49010000043,63418.0399311936
rxn10259_reverse,1326.3440904558042,19991.8961,238838.71253417
rxn10260_reverse,1326.3440904558042,19991.8961,238838.71253417
rxn10261_reverse,1326.3440904558042,19991.8961,238838.71253417
rxn10262_reverse,1326.3440904558042,19991.8961,238838.71253417
rxn10263_reverse,1326.3440904558042,19991.8961,238838.71253417
rxn10264_reverse,1326.3440904558042,19991.8961,238838.71253417
rxn10902_reverse,600.0,53858.728501282414,40104.92004
rxn11599_reverse_num1,1326.3440904558042,33426.82320000002,142844.5262976977
rxn11749_reverse,1326.3440904558042,62886.27500000004,75928.15325189625
rxn11759_reverse,1326.3440904558042,54737.5608000001,87231.48521519224
rxn11809_reverse_num1,1326.3440904558042,160579.11000000004,29735.11763541904
rxn12154_reverse,1326.3440904558042,32969.27730000003,144826.9151365623
rxn12510_reverse,23.706222222222223,59413.65800000005,1436.4104630622126
rxn12636_reverse_num1,1326.3440904558042,29848.99620000002,159966.47571153136
rxn14138_reverse,1326.3440904558042,21385.898799999984,223270.42554044529
rxn14294_reverse,0.074297625,153327.29920000012,1.744447671064174
rxn27697_reverse,81.81928571428571,44113.94880000004,6677.013429625875
rxn30415_reverse_num1,3556.25516715,36291.88280000004,352765.34624265856
CYOR_Q10_reverse,1326.3440904558042,21238.7017,224817.82517058923
LIPOS_reverse,1326.3440904558042,35661.46010000007,133893.5285389755
rxn00505_reverse,25.0,46347.619895844255,1941.847288
rxn00001_num2,1326.3440904558042,40700.79160000001,117315.62306126974
rxn00011_num2,10.620615384615384,101820.6851000002,375.5053832830212
rxn00011_num3,10.620615384615384,36940.14919999998,1035.03142820591
rxn00011_num4,10.620615384615384,88485.77969999998,432.0944621185882
rxn00097_num2,1326.3440904558042,29637.523000000016,161107.8876477259
rxn00157_num2,7.9825,28380.438200000008,1012.563646744538
rxn00193_num2,4810.05844,58594.37640000003,295526.8312062792
rxn00256_num2,1326.3440904558042,250043.2892000006,19096.048291948653
rxn00259_num2,570.0,25001.778300000013,82074.16190071564
rxn00260_num3,1326.3440904558042,44113.94880000004,108238.75113263246
rxn00260_num5,1326.3440904558042,90569.94000000012,52719.90602666722
rxn00283_num3,80.60428571428571,25822.592700000027,11237.269314611784
rxn00300_num2,80.54612222222222,81762.03460000013,3546.463116024262
rxn00337_num2,20.913636363636364,31709.23490000002,2374.3584840986136
rxn00379_num2,5.853066666666667,52939.57410000007,398.0205802222344
rxn00410_num2,1326.3440904558042,182810.1352,26119.113803056225
rxn00412_num2,31.38501951219512,182810.1352,618.051456065563
rxn00470_num2,61.04074074074074,90496.76000000014,2428.2268963735974
rxn00474_num2,0.7301866666666667,290770.04799999995,9.04038094047431
rxn00493_num2,1326.3440904558042,40262.753000000055,118591.95832040816
rxn00493_num3,1326.3440904558042,120945.7216000002,39479.18671677004
rxn00493_num4,1326.3440904558042,40262.753000000055,118591.95832040816
rxn00500_num2,120.0,432000.0,1000.0
rxn00527_num2,1326.3440904558042,44113.94880000004,108238.75113263246
rxn00527_num4,1326.3440904558042,90569.94000000012,52719.90602666722
rxn00527_num5,1326.3440904558042,43682.15320000007,109308.68503159974
rxn00527_num6,1326.3440904558042,40262.753000000055,118591.95832040816
rxn00527_num7,1326.3440904558042,40262.753000000055,118591.95832040816
rxn00527_num8,1326.3440904558042,120945.7216000002,39479.18671677004
rxn00527_num9,1326.3440904558042,40262.753000000055,118591.95832040816
rxn00543_num2,470.0,16920.0,100000.0
rxn00543_num3,470.0,16920.0,100000.0
rxn00547_num2,1326.3440904558042,32608.923400000007,146427.364898557
rxn00649_num2,265.85066666666665,32918.5824,29073.621347679906
rxn00650_num2,6656.26,52535.66840000006,456119.37051133
rxn00650_num3,6656.26,97500.04640000068,245769.4830389315
rxn00650_num4,6656.26,49762.21770000008,481540.7573766545
rxn00693_num2,1326.3440904558042,38203.10160000004,124985.63011022356
rxn00704_num2,1326.3440904558042,47894.21650000005,99695.51805155618
rxn00763_num2,1326.3440904558042,160579.11000000004,29735.11763541904
rxn00763_num3,1326.3440904558042,36122.01000000002,132186.4072802397
rxn00776_num2,0.0077766666666666,135022.781699999,0.2073427879911614
rxn00883_num2,1326.3440904558042,29975.566499999983,159291.02543035834
rxn00912_num2,1326.3440904558042,317839.96300000034,15022.776495984206
rxn00912_num3,1326.3440904558042,56449.61570000016,84585.84999084203
rxn00931_num2,6.0,30094.541098023208,717.7381416
rxn00980_num2,22.739444444444445,25689.355699999986,3186.611643981404
rxn01101_num2,792.440625,56312.0660000001,50660.301648318055
rxn01137_num2,26.687083333333334,37880.82990000003,2536.203674883055
rxn01225_num2,59.83166666666666,58348.041700000125,3691.537774437416
rxn01225_num3,59.83166666666666,37880.82990000003,5686.0950662540745
rxn01257_num2,0.4962830909090909,22955.9468,77.8281611661832
rxn01257_num3,0.4962830909090909,54660.2172000001,32.68591342649703
rxn01270_num2,51.571666666666665,80682.96860000012,2301.08042901138
rxn01270_num4,51.571666666666665,40262.753000000055,4611.160096280543
rxn01303_num2,14.218,86263.86960000011,593.3515414662078
rxn01362_num2,262.62268,54737.56080000011,17272.264861316184
rxn01368_num2,4.383333333333333,62886.275000000045,250.9291574353861
rxn01465_num2,64.35333333333334,48678.15230000007,4759.260346864064
rxn01486_num2,0.8202,32577.0946,90.63791710878968
rxn01489_num2,1326.3440904558042,32577.094600000004,146570.4288325606
rxn01519_num2,1326.3440904558042,29095.26400000003,164110.51384998226
rxn01521_num2,1326.3440904558042,40700.79160000001,117315.62306126974
rxn01530_num2,0.11026666,160579.11000000004,2.472052410802376
rxn01607_num2,59.91666666666667,32608.92340000001,6614.75380079552
rxn01626_num2,16.748426470588235,33426.82320000002,1803.7710294323635
rxn01682_num2,2.8,290770.04799999995,34.66656923343081
rxn01800_num2,4.383333333333333,62886.275000000045,250.9291574353861
rxn01858_num2,29.69126668,58348.04170000011,1831.9134101804789
rxn01964_num2,42.61884615384616,290770.04799999995,527.6604217290159
rxn02185_num2,1326.3440904558042,36940.14919999998,129258.78289741444
rxn02230_num2,354.759,72526.16140000008,17609.265061696737
rxn02320_num2,268.1982023812143,40262.753000000055,23980.315716920057
rxn02320_num3,268.1982023812143,120945.7216000002,7983.031692229532
rxn02320_num4,268.1982023812143,40262.753000000055,23980.315716920057
rxn02339_num3,1326.3440904558042,44113.94880000004,108238.75113263246
rxn02339_num5,1326.3440904558042,90569.94000000012,52719.90602666722
rxn02405_num2,3.7691,22120.232099999976,613.4094768381755
rxn02475_num2,6.166667,47476.72140000004,467.5976045810102
rxn02789_num2,1326.3440904558042,51812.279500000135,92156.50752522638
rxn02789_num3,1326.3440904558042,73148.28960000013,65276.15002006672
rxn02811_num2,1326.3440904558042,51812.279500000135,92156.50752522638
rxn02811_num3,1326.3440904558042,73148.28960000013,65276.15002006672
rxn02938_num2,49.5,18899.438399999985,9428.85160016184
rxn02945_num2,1326.3440904558042,32577.094600000004,146570.4288325606
rxn02962_num2,1326.3440904558042,30948.07290000004,154285.49432041982
rxn03094_num2,1326.3440904558042,38084.72790000004,125374.10633937836
rxn03095_num2,1326.3440904558042,38084.72790000004,125374.10633937836
rxn03194_num2,1326.3440904558042,36940.14919999998,129258.78289741444
rxn03194_num3,1326.3440904558042,36940.14919999998,129258.78289741444
rxn03282_num2,1326.3440904558042,160579.11000000004,29735.11763541904
rxn03333_num2,0.33453,36122.01000000002,33.34000516582547
rxn03333_num3,0.33453,160579.11000000004,7.499780014972058
rxn03907_num2,35.965,41368.92650000003,3129.740386180916
rxn03909_num2,5.983333333333333,141025.5718000005,152.73825679322596
rxn04068_num2,726.5253333333334,38084.72790000004,68675.59108909892
rxn04453_num2,36.37083333333333,43147.247800000085,3034.6083858447105
rxn04726_num2,1326.3440904558042,36122.01000000002,132186.4072802397
rxn04736_num2,1326.3440904558042,160579.11000000004,29735.11763541904
rxn04736_num3,1326.3440904558042,36122.01000000002,132186.4072802397
rxn04908_num2,1326.3440904558042,160579.11000000004,29735.11763541904
rxn04908_num3,1326.3440904558042,36122.01000000002,132186.4072802397
rxn05005_num2,1326.3440904558042,30948.07290000004,154285.49432041982
rxn05006_num2,1326.3440904558042,30948.07290000004,154285.49432041982
rxn05023_num2,24.988333333333333,16240.533599999992,5539.103715163647
rxn05231_num2,1326.3440904558042,68651.34550000027,69552.00500244931
rxn05233_num2,1326.3440904558042,68651.34550000027,69552.00500244931
rxn05336_num2,1326.3440904558042,102777.92199999992,46457.82511190388
rxn05337_num5,25.627636363636363,102777.92199999992,897.6586519144741
rxn05338_num2,25.627636363636363,102777.92199999992,897.6586519144741
rxn05339_num5,1326.3440904558042,102777.92199999992,46457.82511190388
rxn05340_num2,25.627636363636363,102777.92199999992,897.6586519144741
rxn05341_num3,1326.3440904558042,102777.92199999992,46457.82511190388
rxn05342_num2,25.627636363636363,102777.92199999992,897.6586519144741
rxn05364_num3,1326.3440904558042,102777.92199999992,46457.82511190388
rxn05372_num5,1326.3440904558042,102777.92199999992,46457.82511190388
rxn05376_num5,1326.3440904558042,102777.92199999992,46457.82511190388
rxn05380_num2,1326.3440904558042,102777.92199999992,46457.82511190388
rxn05385_num3,1326.3440904558042,102777.92199999992,46457.82511190388
rxn05389_num3,1326.3440904558042,102777.92199999992,46457.82511190388
rxn05393_num3,1326.3440904558042,102777.92199999992,46457.82511190388
rxn05397_num3,1326.3440904558042,102777.92199999992,46457.82511190388
rxn05401_num5,1326.3440904558042,102777.92199999992,46457.82511190388
rxn05410_num4,1326.3440904558042,102777.92199999992,46457.82511190388
rxn05414_num3,1326.3440904558042,102777.92199999992,46457.82511190388
rxn05418_num5,1326.3440904558042,102777.92199999992,46457.82511190388
rxn05422_num3,1326.3440904558042,102777.92199999992,46457.82511190388
rxn05426_num4,1326.3440904558042,102777.92199999992,46457.82511190388
rxn05430_num4,1326.3440904558042,102777.92199999992,46457.82511190388
rxn05461_num4,1326.3440904558042,102777.92199999992,46457.82511190388
rxn05733_num2,1326.3440904558042,32918.5824,145049.9498314027
rxn05871_num2,1326.3440904558042,36122.01000000002,132186.4072802397
rxn05871_num3,1326.3440904558042,160579.11000000004,29735.11763541904
rxn05872_num2,1326.3440904558042,160579.11000000004,29735.11763541904
rxn06060_num2,0.43,38073.94180000005,40.657728798650375
rxn06060_num3,0.43,44167.87420000007,35.048098375538245
rxn06075_num2,1326.3440904558042,68651.34550000027,69552.00500244931
rxn06076_num2,1326.3440904558042,68651.34550000027,69552.00500244931
rxn06874_num2,1326.3440904558042,227522.82680000048,20986.1963865196
rxn06874_num3,1326.3440904558042,64102.43360000008,74487.63576490627
rxn06937_num2,1326.3440904558042,50634.08350000013,94300.8818485059
rxn07099_num2,1326.3440904558042,33426.82320000002,142844.5262976977
rxn08103_num2,1326.3440904558042,91625.53780000017,52112.53150910168
rxn09310_num2,1326.3440904558042,152672.8074,31274.97821619867
rxn09310_num3,1326.3440904558042,146578.87499999997,32575.217442765173
rxn10199_num2,1326.3440904558042,95517.00090000044,49989.41215333817
rxn11809_num2,1326.3440904558042,36122.01000000002,132186.4072802397
rxn11834_num2,1326.3440904558042,160579.11000000004,29735.11763541904
rxn11834_num3,1326.3440904558042,36122.01000000002,132186.4072802397
rxn11838_num2,1326.3440904558042,160579.11000000004,29735.11763541904
rxn11838_num3,1326.3440904558042,36122.01000000002,132186.4072802397
rxn12633_num2,6656.26,52535.66840000006,456119.37051133
rxn12633_num3,6656.26,97500.04640000068,245769.4830389315
rxn12633_num4,6656.26,49762.21770000008,481540.7573766545
rxn12634_num2,1326.3440904558042,52535.66840000006,90887.56022452908
rxn12634_num3,1326.3440904558042,97500.04640000068,48972.68157239423
rxn12634_num4,1326.3440904558042,49762.21770000008,95953.09345790849
rxn12635_num2,6656.26,52535.66840000006,456119.37051133
rxn12635_num3,6656.26,97500.04640000068,245769.4830389315
rxn12635_num4,6656.26,49762.21770000008,481540.7573766545
rxn12636_num2,1326.3440904558042,52535.66840000006,90887.56022452908
rxn12636_num3,1326.3440904558042,97500.04640000068,48972.68157239423
rxn12636_num4,1326.3440904558042,49762.21770000008,95953.09345790849
rxn12637_num2,6656.26,52535.66840000006,456119.37051133
rxn12637_num3,6656.26,97500.04640000068,245769.4830389315
rxn12637_num4,6656.26,49762.21770000008,481540.7573766545
rxn12638_num2,1326.3440904558042,52535.66840000006,90887.56022452908
rxn12638_num3,1326.3440904558042,97500.04640000068,48972.68157239423
rxn12638_num4,1326.3440904558042,49762.21770000008,95953.09345790849
rxn12639_num2,6656.26,52535.66840000006,456119.37051133
rxn12639_num3,6656.26,97500.04640000068,245769.4830389315
rxn12639_num4,6656.26,49762.21770000008,481540.7573766545
rxn12640_num2,1326.3440904558042,52535.66840000006,90887.56022452908
rxn12640_num3,1326.3440904558042,97500.04640000068,48972.68157239423
rxn12640_num4,1326.3440904558042,49762.21770000008,95953.09345790849
rxn12641_num2,6656.26,52535.66840000006,456119.37051133
rxn12641_num3,6656.26,97500.04640000068,245769.4830389315
rxn12641_num4,6656.26,49762.21770000008,481540.7573766545
rxn12642_num2,6656.26,52535.66840000006,456119.37051133
rxn12642_num3,6656.26,97500.04640000068,245769.4830389315
rxn12642_num4,6656.26,49762.21770000008,481540.7573766545
rxn12643_num2,6656.26,52535.66840000006,456119.37051133
rxn12643_num3,6656.26,97500.04640000068,245769.4830389315
rxn12643_num4,6656.26,49762.21770000008,481540.7573766545
rxn12644_num2,1326.3440904558042,52535.66840000006,90887.56022452908
rxn12644_num3,1326.3440904558042,97500.04640000068,48972.68157239423
rxn12644_num4,1326.3440904558042,49762.21770000008,95953.09345790849
rxn12645_num2,1326.3440904558042,52535.66840000006,90887.56022452908
rxn12645_num3,1326.3440904558042,97500.04640000068,48972.68157239423
rxn12645_num4,1326.3440904558042,49762.21770000008,95953.09345790849
rxn12646_num2,6656.26,52535.66840000006,456119.37051133
rxn12646_num3,6656.26,97500.04640000068,245769.4830389315
rxn12646_num4,6656.26,49762.21770000008,481540.7573766545
rxn12844_num2,1326.3440904558042,52535.66840000006,90887.56022452908
rxn12844_num3,1326.3440904558042,97500.04640000068,48972.68157239423
rxn12844_num4,1326.3440904558042,49762.21770000008,95953.09345790849
rxn12845_num2,1326.3440904558042,52535.66840000006,90887.56022452908
rxn12845_num3,1326.3440904558042,97500.04640000068,48972.68157239423
rxn12845_num4,1326.3440904558042,49762.21770000008,95953.09345790849
rxn12846_num2,1326.3440904558042,52535.66840000006,90887.56022452908
rxn12846_num3,1326.3440904558042,97500.04640000068,48972.68157239423
rxn12846_num4,1326.3440904558042,49762.21770000008,95953.09345790849
rxn12847_num2,1326.3440904558042,52535.66840000006,90887.56022452908
rxn12847_num3,1326.3440904558042,97500.04640000068,48972.68157239423
rxn12847_num4,1326.3440904558042,49762.21770000008,95953.09345790849
rxn14054_num2,1326.3440904558042,36122.01000000002,132186.4072802397
rxn14054_num3,1326.3440904558042,160579.11000000004,29735.11763541904
rxn14089_num2,1326.3440904558042,160579.11000000004,29735.11763541904
rxn14089_num3,1326.3440904558042,36122.01000000002,132186.4072802397
rxn25990_num2,0.5783332941666667,17885.03329999999,116.4101751490729
rxn30415_num2,3556.25516715,29023.648300000008,441106.4546196281
rxn36708_num2,1326.3440904558042,36495.17930000007,130834.77920167078
rxn00929_num2,27.0,30094.54109988675,3229.821637
rxn00097_reverse_num2,1326.3440904558042,29637.523000000016,161107.8876477259
rxn00193_reverse_num2,4810.05844,58594.37640000003,295526.8312062792
rxn00260_reverse_num3,1326.3440904558042,44113.94880000004,108238.75113263246
rxn00260_reverse_num5,1326.3440904558042,90569.94000000012,52719.90602666722
rxn00283_reverse_num3,80.60428571428571,25822.592700000027,11237.269314611784
rxn00337_reverse_num2,20.913636363636364,31709.23490000002,2374.3584840986136
rxn00493_reverse_num2,1326.3440904558042,40262.753000000055,118591.95832040816
rxn00493_reverse_num3,1326.3440904558042,120945.7216000002,39479.18671677004
rxn00493_reverse_num4,1326.3440904558042,40262.753000000055,118591.95832040816
rxn00500_reverse_num2,120.0,432000.0,1000.0
rxn00527_reverse_num2,1326.3440904558042,44113.94880000004,108238.75113263246
rxn00527_reverse_num4,1326.3440904558042,90569.94000000012,52719.90602666722
rxn00527_reverse_num5,1326.3440904558042,43682.15320000007,109308.68503159974
rxn00527_reverse_num6,1326.3440904558042,40262.753000000055,118591.95832040816
rxn00527_reverse_num7,1326.3440904558042,40262.753000000055,118591.95832040816
rxn00527_reverse_num8,1326.3440904558042,120945.7216000002,39479.18671677004
rxn00527_reverse_num9,1326.3440904558042,40262.753000000055,118591.95832040816
rxn00543_reverse_num2,470.0,16920.0,100000.0
rxn00543_reverse_num3,470.0,16920.0,100000.0
rxn00547_reverse_num2,1326.3440904558042,32608.923400000007,146427.364898557
rxn00693_reverse_num2,1326.3440904558042,38203.10160000004,124985.63011022356
rxn00763_reverse_num2,1326.3440904558042,160579.11000000004,29735.11763541904
rxn00763_reverse_num3,1326.3440904558042,36122.01000000002,132186.4072802397
rxn00912_reverse_num2,1326.3440904558042,317839.96300000034,15022.776495984206
rxn00912_reverse_num3,1326.3440904558042,56449.61570000016,84585.84999084203
rxn01101_reverse_num2,792.440625,56312.0660000001,50660.301648318055
rxn01257_reverse_num2,0.4962830909090909,22955.9468,77.8281611661832
rxn01257_reverse_num3,0.4962830909090909,54660.2172000001,32.68591342649703
rxn01270_reverse_num2,51.571666666666665,80682.96860000012,2301.08042901138
rxn01270_reverse_num4,51.571666666666665,40262.753000000055,4611.160096280543
rxn01465_reverse_num2,64.35333333333334,48678.15230000007,4759.260346864064
rxn01530_reverse_num2,0.11026666,160579.11000000004,2.472052410802376
rxn01607_reverse_num2,59.91666666666667,32608.92340000001,6614.75380079552
rxn01682_reverse_num2,2.8,290770.04799999995,34.66656923343081
rxn02185_reverse_num2,1326.3440904558042,36940.14919999998,129258.78289741444
rxn02230_reverse_num2,354.759,72526.16140000008,17609.265061696737
rxn02320_reverse_num2,268.1982023812143,40262.753000000055,23980.315716920057
rxn02320_reverse_num3,268.1982023812143,120945.7216000002,7983.031692229532
rxn02320_reverse_num4,268.1982023812143,40262.753000000055,23980.315716920057
rxn02339_reverse_num3,1326.3440904558042,44113.94880000004,108238.75113263246
rxn02339_reverse_num5,1326.3440904558042,90569.94000000012,52719.90602666722
rxn02789_reverse_num2,1326.3440904558042,51812.279500000135,92156.50752522638
rxn02789_reverse_num3,1326.3440904558042,73148.28960000013,65276.15002006672
rxn02811_reverse_num2,1326.3440904558042,51812.279500000135,92156.50752522638
rxn02811_reverse_num3,1326.3440904558042,73148.28960000013,65276.15002006672
rxn02962_reverse_num2,1326.3440904558042,30948.07290000004,154285.49432041982
rxn03194_reverse_num2,1326.3440904558042,36940.14919999998,129258.78289741444
rxn03194_reverse_num3,1326.3440904558042,36940.14919999998,129258.78289741444
rxn03282_reverse_num2,1326.3440904558042,160579.11000000004,29735.11763541904
rxn03333_reverse_num2,0.33453,36122.01000000002,33.34000516582547
rxn03333_reverse_num3,0.33453,160579.11000000004,7.499780014972058
rxn04726_reverse_num2,1326.3440904558042,36122.01000000002,132186.4072802397
rxn04736_reverse_num2,1326.3440904558042,160579.11000000004,29735.11763541904
rxn04736_reverse_num3,1326.3440904558042,36122.01000000002,132186.4072802397
rxn04908_reverse_num2,1326.3440904558042,160579.11000000004,29735.11763541904
rxn04908_reverse_num3,1326.3440904558042,36122.01000000002,132186.4072802397
rxn05005_reverse_num2,1326.3440904558042,30948.07290000004,154285.49432041982
rxn05006_reverse_num2,1326.3440904558042,30948.07290000004,154285.49432041982
rxn05336_reverse_num2,1326.3440904558042,102777.92199999992,46457.82511190388
rxn05337_reverse_num5,25.627636363636363,102777.92199999992,897.6586519144741
rxn05338_reverse_num2,25.627636363636363,102777.92199999992,897.6586519144741
rxn05339_reverse_num5,1326.3440904558042,102777.92199999992,46457.82511190388
rxn05340_reverse_num2,25.627636363636363,102777.92199999992,897.6586519144741
rxn05341_reverse_num3,1326.3440904558042,102777.92199999992,46457.82511190388
rxn05342_reverse_num2,25.627636363636363,102777.92199999992,897.6586519144741
rxn05364_reverse_num3,1326.3440904558042,102777.92199999992,46457.82511190388
rxn05372_reverse_num5,1326.3440904558042,102777.92199999992,46457.82511190388
rxn05376_reverse_num5,1326.3440904558042,102777.92199999992,46457.82511190388
rxn05380_reverse_num2,1326.3440904558042,102777.92199999992,46457.82511190388
rxn05385_reverse_num3,1326.3440904558042,102777.92199999992,46457.82511190388
rxn05389_reverse_num3,1326.3440904558042,102777.92199999992,46457.82511190388
rxn05393_reverse_num3,1326.3440904558042,102777.92199999992,46457.82511190388
rxn05397_reverse_num3,1326.3440904558042,102777.92199999992,46457.82511190388
rxn05401_reverse_num5,1326.3440904558042,102777.92199999992,46457.82511190388
rxn05410_reverse_num4,1326.3440904558042,102777.92199999992,46457.82511190388
rxn05414_reverse_num3,1326.3440904558042,102777.92199999992,46457.82511190388
rxn05418_reverse_num5,1326.3440904558042,102777.92199999992,46457.82511190388
rxn05422_reverse_num3,1326.3440904558042,102777.92199999992,46457.82511190388
rxn05426_reverse_num4,1326.3440904558042,102777.92199999992,46457.82511190388
rxn05430_reverse_num4,1326.3440904558042,102777.92199999992,46457.82511190388
rxn05461_reverse_num4,1326.3440904558042,102777.92199999992,46457.82511190388
rxn05871_reverse_num2,1326.3440904558042,36122.01000000002,132186.4072802397
rxn05871_reverse_num3,1326.3440904558042,160579.11000000004,29735.11763541904
rxn05872_reverse_num2,1326.3440904558042,160579.11000000004,29735.11763541904
rxn06060_reverse_num2,0.43,38073.94180000005,40.657728798650375
rxn06060_reverse_num3,0.43,44167.87420000007,35.048098375538245
rxn10199_reverse_num2,1326.3440904558042,95517.00090000044,49989.41215333817
rxn11809_reverse_num2,1326.3440904558042,36122.01000000002,132186.4072802397
rxn11834_reverse_num2,1326.3440904558042,160579.11000000004,29735.11763541904
rxn11834_reverse_num3,1326.3440904558042,36122.01000000002,132186.4072802397
rxn11838_reverse_num2,1326.3440904558042,160579.11000000004,29735.11763541904
rxn11838_reverse_num3,1326.3440904558042,36122.01000000002,132186.4072802397
rxn12636_reverse_num2,1326.3440904558042,52535.66840000006,90887.56022452908
rxn12636_reverse_num3,1326.3440904558042,97500.04640000068,48972.68157239423
rxn12636_reverse_num4,1326.3440904558042,49762.21770000008,95953.09345790849
rxn14054_reverse_num2,1326.3440904558042,36122.01000000002,132186.4072802397
rxn14054_reverse_num3,1326.3440904558042,160579.11000000004,29735.11763541904
rxn14089_reverse_num2,1326.3440904558042,160579.11000000004,29735.11763541904
rxn14089_reverse_num3,1326.3440904558042,36122.01000000002,132186.4072802397
rxn30415_reverse_num2,3556.25516715,29023.648300000008,441106.4546196281
